Timestamp,mmWave_State,mmWave_Distance_m,SGP30_TVOC_ppb,SGP30_eCO2_ppm,Ground_Truth
2026-06-04 17:56:26,1,0.12,0,400,1
2026-06-04 17:56:27,1,0.11,0,400,1
2026-06-04 17:56:28,1,0.11,0,400,1
2026-06-04 17:56:29,1,0.10,0,400,1
2026-06-04 17:56:30,1,0.07,0,400,1
2026-06-04 17:56:31,1,0.26,0,400,1
2026-06-04 17:56:32,1,0.49,0,400,1
2026-06-04 17:56:33,1,0.49,0,400,1
2026-06-04 17:56:34,1,0.49,0,400,1
2026-06-04 17:56:35,1,0.49,0,400,1
2026-06-04 17:56:36,1,0.49,0,400,1
2026-06-04 17:56:37,1,0.49,0,400,1
2026-06-04 17:56:38,1,0.49,0,400,1
2026-06-04 17:56:39,1,0.49,0,400,1
2026-06-04 17:56:40,1,0.49,0,400,1
2026-06-04 17:56:41,1,0.49,0,400,1
2026-06-04 17:56:42,1,0.49,0,407,1
2026-06-04 17:56:43,1,0.49,10,404,1
2026-06-04 17:56:44,1,0.49,5,407,1
2026-06-04 17:56:45,1,0.49,4,409,1
2026-06-04 17:56:46,1,0.49,6,406,1
2026-06-04 17:56:47,1,0.49,8,411,1
2026-06-04 17:56:48,1,0.49,8,404,1
2026-06-04 17:56:49,1,0.49,8,407,1
2026-06-04 17:56:50,1,0.49,6,408,1
2026-06-04 17:56:51,1,0.49,3,400,1
2026-06-04 17:56:52,1,0.49,6,407,1
2026-06-04 17:56:53,1,0.49,5,415,1
2026-06-04 17:56:54,1,0.49,4,406,1
2026-06-04 17:56:55,1,0.49,3,413,1
2026-06-04 17:56:56,1,0.49,6,410,1
2026-06-04 17:56:57,1,0.49,3,409,1
2026-06-04 17:56:58,1,0.49,4,402,1
2026-06-04 17:56:59,1,0.49,5,403,1
2026-06-04 17:57:00,1,0.49,9,403,1
2026-06-04 17:57:01,1,0.49,5,406,1
2026-06-04 17:57:02,1,0.49,0,407,1
2026-06-04 17:57:03,1,0.49,9,412,1
2026-06-04 17:57:04,1,0.49,0,407,1
2026-06-04 17:57:05,1,0.49,4,402,1
2026-06-04 17:57:06,1,0.49,5,403,1
2026-06-04 17:57:07,1,0.49,3,404,1
2026-06-04 17:57:08,1,0.49,8,412,1
2026-06-04 17:57:09,1,0.49,4,402,1
2026-06-04 17:57:10,1,0.49,5,404,1
2026-06-04 17:57:11,1,0.49,8,402,1
2026-06-04 17:57:12,1,0.49,4,401,1
2026-06-04 17:57:13,1,0.49,1,403,1
2026-06-04 17:57:14,1,0.49,4,404,1
2026-06-04 17:57:15,1,1.27,6,400,1
2026-06-04 17:57:16,1,1.27,3,400,1
2026-06-04 17:57:17,1,1.27,3,401,1
2026-06-04 17:57:18,1,1.27,8,400,1
2026-06-04 17:57:19,1,1.27,7,404,1
2026-06-04 17:57:20,1,1.27,13,401,1
2026-06-04 17:57:21,1,1.27,4,400,1
2026-06-04 17:57:22,1,1.27,6,400,1
2026-06-04 17:57:23,1,1.27,3,400,1
2026-06-04 17:57:24,1,1.27,8,405,1
2026-06-04 17:57:25,1,1.27,2,405,1
2026-06-04 17:57:26,1,1.27,1,400,1
2026-06-04 17:57:27,1,1.27,6,408,1
2026-06-04 17:57:28,1,1.27,0,403,1
2026-06-04 17:57:29,1,1.27,0,404,1
2026-06-04 17:57:30,1,1.27,0,400,1
2026-06-04 17:57:31,1,1.27,0,410,1
2026-06-04 17:57:32,1,1.27,1,407,1
2026-06-04 17:57:33,1,1.27,6,410,1
2026-06-04 17:57:34,1,1.27,2,410,1
2026-06-04 17:57:35,1,1.27,6,416,1
2026-06-04 17:57:36,1,1.27,6,404,1
2026-06-04 17:57:37,1,1.27,8,414,1
2026-06-04 17:57:38,1,1.27,8,411,1
2026-06-04 17:57:39,1,1.27,5,404,1
2026-06-04 17:57:40,1,1.27,5,401,1
2026-06-04 17:57:41,1,1.27,6,407,1
2026-06-04 17:57:42,1,1.27,3,408,1
2026-06-04 17:57:43,1,1.27,7,403,1
2026-06-04 17:57:44,1,1.27,6,408,1
2026-06-04 17:57:45,1,1.27,5,407,1
2026-06-04 17:57:46,1,1.27,0,401,1
2026-06-04 17:57:47,1,1.27,0,400,1
2026-06-04 17:57:48,1,1.27,4,405,1
2026-06-04 17:57:49,1,1.27,4,407,1
2026-06-04 17:57:50,1,1.27,7,412,1
2026-06-04 17:57:51,1,1.27,2,411,1
2026-06-04 17:57:52,1,1.27,0,411,1
2026-06-04 17:57:53,1,0.64,8,401,1
2026-06-04 17:57:54,1,0.73,7,404,1
2026-06-04 17:57:55,1,0.62,9,409,1
2026-06-04 17:57:56,1,0.62,11,405,1
2026-06-04 17:57:57,1,0.62,11,406,1
2026-06-04 17:57:58,1,0.62,14,416,1
2026-06-04 17:57:59,1,0.62,3,404,1
2026-06-04 17:58:00,1,0.62,9,407,1
2026-06-04 17:58:01,1,0.62,11,416,1
2026-06-04 17:58:02,1,0.62,6,409,1
2026-06-04 17:58:03,1,0.62,9,409,1
2026-06-04 17:58:04,1,0.62,10,411,1
2026-06-04 17:58:05,1,0.62,13,414,1
2026-06-04 17:58:06,1,6.92,17,420,1
2026-06-04 17:58:07,1,7.01,21,422,1
2026-06-04 17:58:08,1,7.01,16,414,1
2026-06-04 17:58:09,1,7.01,13,414,1
2026-06-04 17:58:10,1,0.60,14,412,1
2026-06-04 17:58:11,1,0.60,8,400,1
2026-06-04 17:58:12,1,0.60,5,400,1
2026-06-04 17:58:13,1,0.60,13,410,1
2026-06-04 17:58:14,1,0.60,6,404,1
2026-06-04 17:58:15,1,0.60,11,404,1
2026-06-04 17:58:16,1,0.60,9,406,1
2026-06-04 17:58:17,1,0.60,8,405,1
2026-06-04 17:58:18,1,0.60,8,409,1
2026-06-04 17:58:19,1,0.60,14,412,1
2026-06-04 17:58:20,1,0.60,15,409,1
2026-06-04 17:58:21,1,0.60,7,404,1
2026-06-04 17:58:22,1,0.60,14,407,1
2026-06-04 17:58:23,1,0.60,9,411,1
2026-06-04 17:58:24,1,0.07,14,405,1
2026-06-04 17:58:25,1,0.08,11,409,1
2026-06-04 17:58:26,1,0.08,17,419,1
2026-06-04 17:58:27,1,0.08,8,413,1
2026-06-04 17:58:28,1,0.08,10,414,1
2026-06-04 17:58:29,1,0.13,16,416,1
2026-06-04 17:58:30,1,0.08,11,401,1
2026-06-04 17:58:31,1,0.08,12,411,1
2026-06-04 17:58:32,1,0.08,16,422,1
2026-06-04 17:58:33,1,0.08,13,413,1
2026-06-04 17:58:34,1,0.08,18,425,1
2026-06-04 17:58:35,1,0.08,25,438,1
2026-06-04 17:58:36,1,0.08,29,451,1
2026-06-04 17:58:37,1,0.08,37,459,1
2026-06-04 17:58:38,1,0.08,40,463,1
2026-06-04 17:58:39,1,0.08,39,461,1
2026-06-04 17:58:40,1,0.05,44,455,1
2026-06-04 17:58:41,1,0.05,41,456,1
2026-06-04 17:58:42,1,0.15,38,459,1
2026-06-04 17:58:43,1,0.15,35,441,1
2026-06-04 17:58:44,1,0.15,33,436,1
2026-06-04 17:58:45,1,0.15,32,426,1
2026-06-04 17:58:46,1,0.15,23,414,1
2026-06-04 17:58:47,1,0.15,24,414,1
2026-06-04 17:58:48,1,0.15,18,410,1
2026-06-04 17:58:49,1,0.15,16,407,1
2026-06-04 17:58:50,1,0.15,18,405,1
2026-06-04 17:58:51,1,0.15,10,404,1
2026-06-04 17:58:52,1,0.15,11,405,1
2026-06-04 17:58:53,1,0.15,11,402,1
2026-06-04 17:58:54,1,0.15,11,404,1
2026-06-04 17:58:55,1,0.15,11,400,1
2026-06-04 17:58:56,1,0.15,17,401,1
2026-06-04 17:58:57,1,0.15,10,403,1
2026-06-04 17:58:58,1,0.15,7,400,1
2026-06-04 17:58:59,1,0.15,8,400,1
2026-06-04 17:59:00,1,0.15,8,403,1
2026-06-04 17:59:01,1,0.15,13,403,1
2026-06-04 17:59:02,1,0.15,12,403,1
2026-06-04 17:59:03,1,0.15,8,400,1
2026-06-04 17:59:04,1,0.15,13,412,1
2026-06-04 17:59:05,1,0.15,7,400,1
2026-06-04 17:59:06,1,0.15,2,400,1
2026-06-04 17:59:07,1,0.15,6,409,1
2026-06-04 17:59:08,1,0.15,1,404,1
2026-06-04 17:59:09,1,0.15,2,413,1
2026-06-04 17:59:10,1,0.15,3,401,1
2026-06-04 17:59:11,1,0.15,5,413,1
2026-06-04 17:59:12,1,0.15,10,421,1
2026-06-04 17:59:13,1,0.15,7,414,1
2026-06-04 17:59:14,1,0.15,6,407,1
2026-06-04 17:59:15,1,0.15,2,408,1
2026-06-04 17:59:16,1,0.15,4,412,1
2026-06-04 17:59:17,1,0.15,6,413,1
2026-06-04 17:59:18,1,0.15,4,406,1
2026-06-04 17:59:19,1,0.15,0,407,1
2026-06-04 17:59:20,1,0.15,8,411,1
2026-06-04 17:59:21,1,0.15,8,406,1
2026-06-04 17:59:22,1,0.15,10,415,1
2026-06-04 17:59:23,1,0.15,8,401,1
2026-06-04 17:59:24,1,0.15,9,407,1
2026-06-04 17:59:25,1,0.15,11,411,1
2026-06-04 17:59:26,1,0.15,3,408,1
2026-06-04 17:59:27,1,0.15,10,412,1
2026-06-04 17:59:28,1,0.52,15,413,1
2026-06-04 17:59:29,1,0.52,9,406,1
2026-06-04 17:59:30,1,0.52,9,405,1
2026-06-04 17:59:31,1,0.52,9,407,1
2026-06-04 17:59:32,1,0.52,11,409,1
2026-06-04 17:59:33,1,0.52,11,412,1
2026-06-04 17:59:34,1,0.52,10,412,1
2026-06-04 17:59:35,1,0.52,7,408,1
2026-06-04 17:59:36,1,0.52,12,401,1
2026-06-04 17:59:37,1,0.52,12,406,1
2026-06-04 17:59:38,1,0.52,6,405,1
2026-06-04 17:59:39,1,0.52,6,406,1
2026-06-04 17:59:40,1,0.52,13,406,1
2026-06-04 17:59:41,1,0.52,13,407,1
2026-06-04 17:59:42,1,0.52,10,407,1
2026-06-04 17:59:43,1,0.52,5,402,1
2026-06-04 17:59:44,1,0.52,5,400,1
2026-06-04 17:59:45,1,0.78,10,400,1
2026-06-04 17:59:46,1,0.75,5,400,1
2026-06-04 17:59:47,1,0.75,9,410,1
2026-06-04 17:59:48,1,0.75,9,413,1
2026-06-04 17:59:49,1,0.75,10,405,1
2026-06-04 17:59:50,1,0.75,9,409,1
2026-06-04 17:59:51,1,0.75,13,409,1
2026-06-04 17:59:52,1,0.75,4,408,1
2026-06-04 17:59:53,1,0.75,8,412,1
2026-06-04 17:59:54,1,0.75,5,404,1
2026-06-04 17:59:55,1,0.75,1,409,1
2026-06-04 17:59:56,1,0.75,8,406,1
2026-06-04 17:59:57,1,0.75,2,407,1
2026-06-04 17:59:58,1,0.75,3,404,1
2026-06-04 17:59:59,1,0.75,9,402,1
2026-06-04 18:00:00,1,0.75,2,400,1
2026-06-04 18:00:01,1,0.75,3,408,1
2026-06-04 18:00:02,1,0.75,7,409,1
2026-06-04 18:00:03,1,0.75,8,414,1
2026-06-04 18:00:04,1,0.75,6,408,1
2026-06-04 18:00:05,1,0.75,6,410,1
2026-06-04 18:00:06,1,0.75,12,412,1
2026-06-04 18:00:07,1,0.75,3,406,1
2026-06-04 18:00:08,1,0.75,8,409,1
2026-06-04 18:00:09,1,2.15,3,406,1
2026-06-04 18:00:10,1,2.15,5,406,1
2026-06-04 18:00:11,1,2.15,7,403,1
2026-06-04 18:00:12,1,2.15,11,409,1
2026-06-04 18:00:13,1,2.15,11,412,1
2026-06-04 18:00:14,1,1.44,11,410,1
2026-06-04 18:00:15,1,1.44,14,407,1
2026-06-04 18:00:16,1,1.44,12,415,1
2026-06-04 18:00:17,1,1.44,10,417,1
2026-06-04 18:00:18,1,1.44,6,400,1
2026-06-04 18:00:19,1,1.44,7,408,1
2026-06-04 18:00:20,1,1.44,12,409,1
2026-06-04 18:00:21,1,1.44,12,406,1
2026-06-04 18:00:22,1,1.44,10,410,1
2026-06-04 18:00:23,1,1.44,15,410,1
2026-06-04 18:00:24,1,1.44,18,414,1
2026-06-04 18:00:25,1,1.44,12,410,1
2026-06-04 18:00:26,1,1.44,12,403,1
2026-06-04 18:00:27,1,1.44,9,404,1
2026-06-04 18:00:28,1,1.44,13,400,1
2026-06-04 18:00:29,1,1.44,5,400,1
2026-06-04 18:00:30,1,1.44,13,407,1
2026-06-04 18:00:31,1,1.44,15,410,1
2026-06-04 18:00:32,1,1.44,10,407,1
2026-06-04 18:00:33,1,1.44,11,416,1
2026-06-04 18:00:34,1,1.44,9,413,1
2026-06-04 18:00:35,1,1.44,9,407,1
2026-06-04 18:00:36,1,1.44,6,402,1
2026-06-04 18:00:37,1,1.44,10,409,1
2026-06-04 18:00:38,1,1.44,16,414,1
2026-06-04 18:00:39,1,1.44,11,415,1
2026-06-04 18:00:40,1,1.44,15,415,1
2026-06-04 18:00:41,1,1.44,10,407,1
2026-06-04 18:00:42,1,1.44,9,409,1
2026-06-04 18:00:43,1,1.44,16,407,1
2026-06-04 18:00:44,1,1.44,8,410,1
2026-06-04 18:00:45,1,1.44,7,402,1
2026-06-04 18:00:46,1,1.44,13,417,1
2026-06-04 18:00:47,1,0.72,12,410,1
2026-06-04 18:00:48,1,0.83,15,415,1
2026-06-04 18:00:49,1,0.88,15,413,1
2026-06-04 18:00:50,1,0.82,18,414,1
2026-06-04 18:00:51,1,0.86,14,411,1
2026-06-04 18:00:52,1,0.86,14,417,1
2026-06-04 18:00:53,1,0.86,15,412,1
2026-06-04 18:00:54,1,0.86,21,416,1
2026-06-04 18:00:55,1,0.86,14,412,1
2026-06-04 18:00:56,1,0.86,16,417,1
2026-06-04 18:00:57,1,0.86,17,412,1
2026-06-04 18:00:58,1,0.86,10,403,1
2026-06-04 18:00:59,1,0.86,15,416,1
2026-06-04 18:01:00,1,0.86,18,420,1
2026-06-04 18:01:01,1,0.86,16,412,1
2026-06-04 18:01:02,1,0.86,18,412,1
2026-06-04 18:01:03,1,0.86,14,411,1
2026-06-04 18:01:04,1,0.86,18,412,1
2026-06-04 18:01:05,1,0.86,10,411,1
2026-06-04 18:01:06,1,0.86,13,417,1
2026-06-04 18:01:07,1,0.86,19,428,1
2026-06-04 18:01:08,1,0.86,10,411,1
2026-06-04 18:01:09,1,0.86,19,420,1
2026-06-04 18:01:10,1,0.86,16,416,1
2026-06-04 18:01:11,1,0.86,13,414,1
2026-06-04 18:01:12,1,0.86,19,421,1
2026-06-04 18:01:13,1,0.86,19,418,1
2026-06-04 18:01:14,1,0.86,20,418,1
2026-06-04 18:01:15,1,0.86,19,412,1
2026-06-04 18:01:16,1,0.86,14,417,1
2026-06-04 18:01:17,1,0.86,14,415,1
2026-06-04 18:01:18,1,0.86,16,415,1
2026-06-04 18:01:19,1,0.86,21,411,1
2026-06-04 18:01:20,1,0.86,13,405,1
2026-06-04 18:01:21,1,0.86,16,412,1
2026-06-04 18:01:22,1,0.86,9,409,1
2026-06-04 18:01:23,1,0.86,19,408,1
2026-06-04 18:01:24,1,0.86,13,413,1
2026-06-04 18:01:25,1,0.86,17,418,1
2026-06-04 18:01:26,1,0.86,14,411,1
2026-06-04 18:01:27,1,0.86,20,415,1
2026-06-04 18:01:28,1,0.86,18,418,1
2026-06-04 18:01:29,1,0.86,19,414,1
2026-06-04 18:01:30,1,0.86,11,413,1
2026-06-04 18:01:31,1,0.86,18,411,1
2026-06-04 18:01:32,1,0.86,9,408,1
2026-06-04 18:01:33,1,0.86,16,408,1
2026-06-04 18:01:34,1,0.86,18,417,1
2026-06-04 18:01:35,1,0.86,17,414,1
2026-06-04 18:01:36,1,0.86,18,410,1
2026-06-04 18:01:37,1,0.86,14,410,1
2026-06-04 18:01:38,1,0.86,16,414,1
2026-06-04 18:01:39,1,0.86,13,409,1
2026-06-04 18:01:40,1,0.86,10,413,1
2026-06-04 18:01:41,1,0.86,15,405,1
2026-06-04 18:01:42,1,0.86,13,401,1
2026-06-04 18:01:43,1,0.86,14,411,1
2026-06-04 18:01:44,1,0.86,12,409,1
2026-06-04 18:01:45,1,0.86,17,411,1
2026-06-04 18:01:46,1,0.86,17,404,1
2026-06-04 18:01:47,1,0.86,13,400,1
2026-06-04 18:01:48,1,0.86,14,409,1
2026-06-04 18:01:49,1,0.72,14,400,1
2026-06-04 18:01:50,1,0.73,17,402,1
2026-06-04 18:01:51,1,0.71,14,405,1
2026-06-04 18:01:52,1,0.66,10,401,1
2026-06-04 18:01:53,1,0.68,26,556,1
2026-06-04 18:01:54,1,0.68,37,695,1
2026-06-04 18:01:55,1,0.68,46,711,1
2026-06-04 18:01:56,1,0.68,51,657,1
2026-06-04 18:01:57,1,0.68,54,659,1
2026-06-04 18:01:58,1,0.68,51,627,1
2026-06-04 18:01:59,1,0.68,50,579,1
2026-06-04 18:02:00,1,0.68,48,550,1
2026-06-04 18:02:01,1,0.68,44,523,1
2026-06-04 18:02:02,1,0.68,40,506,1
2026-06-04 18:02:03,1,0.68,37,476,1
2026-06-04 18:02:04,1,0.68,27,447,1
2026-06-04 18:02:05,1,0.68,27,426,1
2026-06-04 18:02:06,1,0.68,21,423,1
2026-06-04 18:02:07,1,0.68,18,412,1
2026-06-04 18:02:08,1,0.68,15,400,1
2026-06-04 18:02:09,1,0.68,15,401,1
2026-06-04 18:02:10,1,0.68,12,400,1
2026-06-04 18:02:11,1,0.68,9,400,1
2026-06-04 18:02:12,1,0.68,9,400,1
2026-06-04 18:02:13,1,0.68,4,400,1
2026-06-04 18:02:14,1,0.68,2,400,1
2026-06-04 18:02:15,1,0.68,3,400,1
2026-06-04 18:02:16,1,0.68,7,400,1
2026-06-04 18:02:17,1,0.68,4,400,1
2026-06-04 18:02:18,1,0.68,3,400,1
2026-06-04 18:02:19,1,0.68,0,400,1
2026-06-04 18:02:20,1,0.68,5,400,1
2026-06-04 18:02:21,1,0.68,6,400,1
2026-06-04 18:02:22,1,0.68,0,400,1
2026-06-04 18:02:23,1,0.68,5,400,1
2026-06-04 18:02:24,1,0.68,1,400,1
2026-06-04 18:02:25,1,0.68,3,400,1
2026-06-04 18:02:26,1,0.68,5,400,1
2026-06-04 18:02:27,1,0.68,8,400,1
2026-06-04 18:02:28,1,0.68,3,400,1
2026-06-04 18:02:29,1,0.68,6,400,1
2026-06-04 18:02:30,1,0.68,6,400,1
2026-06-04 18:02:31,1,0.68,9,400,1
2026-06-04 18:02:32,1,0.68,4,400,1
2026-06-04 18:02:33,1,0.68,6,400,1
2026-06-04 18:02:34,1,0.68,3,400,1
2026-06-04 18:02:35,1,0.68,9,400,1
2026-06-04 18:02:36,1,0.68,9,400,1
2026-06-04 18:02:37,1,0.68,3,400,1
2026-06-04 18:02:38,1,0.68,8,400,1
2026-06-04 18:02:39,1,0.68,5,400,1
2026-06-04 18:02:40,1,0.68,10,400,1
2026-06-04 18:02:41,1,0.68,7,400,1
2026-06-04 18:02:42,1,0.68,14,400,1
2026-06-04 18:02:43,1,0.68,10,400,1
2026-06-04 18:02:44,1,0.68,6,400,1
2026-06-04 18:02:45,1,0.68,6,400,1
2026-06-04 18:02:46,1,0.68,8,400,1
2026-06-04 18:02:47,1,0.68,10,400,1
2026-06-04 18:02:48,1,0.68,7,400,1
2026-06-04 18:02:49,1,0.69,12,400,1
2026-06-04 18:02:50,1,0.63,9,403,1
2026-06-04 18:02:51,1,0.57,5,400,1
2026-06-04 18:02:52,1,0.57,7,400,1
2026-06-04 18:02:53,1,0.57,14,404,1
2026-06-04 18:02:54,1,0.57,16,407,1
2026-06-04 18:02:55,1,0.57,10,400,1
2026-06-04 18:02:56,1,0.57,8,400,1
2026-06-04 18:02:57,1,0.57,9,400,1
2026-06-04 18:02:58,1,0.57,14,400,1
2026-06-04 18:02:59,1,0.57,7,400,1
2026-06-04 18:03:00,1,0.59,4,400,1
2026-06-04 18:03:01,1,0.27,16,400,1
2026-06-04 18:03:02,1,0.33,12,400,1
2026-06-04 18:03:03,1,0.33,12,400,1
2026-06-04 18:03:04,1,0.23,18,416,1
2026-06-04 18:03:05,1,0.23,12,410,1
2026-06-04 18:03:06,1,0.23,17,535,1
2026-06-04 18:03:07,1,0.23,32,688,1
2026-06-04 18:03:08,1,0.23,61,835,1
2026-06-04 18:03:09,1,0.23,63,842,1
2026-06-04 18:03:10,1,0.23,74,809,1
2026-06-04 18:03:11,1,0.23,71,648,1
2026-06-04 18:03:12,1,0.23,56,522,1
2026-06-04 18:03:13,1,0.23,49,472,1
2026-06-04 18:03:14,1,0.23,41,445,1
2026-06-04 18:03:15,1,0.23,38,434,1
2026-06-04 18:03:16,1,0.38,37,419,1
2026-06-04 18:03:17,1,0.38,29,414,1
2026-06-04 18:03:18,1,0.17,26,415,1
2026-06-04 18:03:19,1,0.39,27,410,1
2026-06-04 18:03:20,1,0.46,18,404,1
2026-06-04 18:03:21,1,0.46,22,407,1
2026-06-04 18:03:22,1,0.46,16,403,1
2026-06-04 18:03:23,1,0.46,20,400,1
2026-06-04 18:03:24,1,0.46,18,409,1
2026-06-04 18:03:25,1,0.46,21,400,1
2026-06-04 18:03:26,1,0.46,22,406,1
2026-06-04 18:03:27,1,0.46,14,404,1
2026-06-04 18:03:28,1,0.46,15,411,1
2026-06-04 18:03:29,1,0.46,16,404,1
2026-06-04 18:03:30,1,0.46,19,407,1
2026-06-04 18:03:31,1,0.46,19,408,1
2026-06-04 18:03:32,1,0.46,23,419,1
2026-06-04 18:03:33,1,0.46,22,413,1
2026-06-04 18:03:34,1,0.46,22,409,1
2026-06-04 18:03:35,1,0.46,23,412,1
2026-06-04 18:03:36,1,0.46,21,406,1
2026-06-04 18:03:37,1,0.46,20,417,1
2026-06-04 18:03:38,1,0.46,22,405,1
2026-06-04 18:03:39,1,0.60,18,413,1
2026-06-04 18:03:40,1,0.29,26,414,1
2026-06-04 18:03:41,1,0.17,23,407,1
2026-06-04 18:03:42,1,0.17,24,419,1
2026-06-04 18:03:43,1,0.17,31,405,1
2026-06-04 18:03:44,1,0.17,26,402,1
2026-06-04 18:03:45,1,0.17,23,407,1
2026-06-04 18:03:46,1,0.17,20,404,1
2026-06-04 18:03:47,1,0.22,14,401,1
2026-06-04 18:03:48,1,0.48,21,405,1
2026-06-04 18:03:49,1,0.53,20,406,1
2026-06-04 18:03:51,1,0.53,24,404,1
2026-06-04 18:03:51,1,0.51,22,406,1
2026-06-04 18:03:52,1,0.51,24,415,1
2026-06-04 18:03:53,1,0.51,19,404,1
2026-06-04 18:03:54,1,0.36,16,400,1
2026-06-04 18:03:55,1,0.28,16,405,1
2026-06-04 18:03:56,1,0.09,24,416,1
2026-06-04 18:03:57,1,0.09,26,415,1
2026-06-04 18:03:58,1,0.09,25,416,1
2026-06-04 18:03:59,1,0.09,29,420,1
2026-06-04 18:04:00,1,0.09,27,423,1
2026-06-04 18:04:01,1,0.09,27,422,1
2026-06-04 18:04:02,1,0.09,23,420,1
2026-06-04 18:04:03,1,0.09,26,412,1
2026-06-04 18:04:04,1,0.09,35,411,1
2026-06-04 18:04:05,1,0.09,27,406,1
2026-06-04 18:04:06,1,0.09,29,414,1
2026-06-04 18:04:07,1,0.09,29,418,1
2026-06-04 18:04:08,1,0.09,30,415,1
2026-06-04 18:04:09,1,0.09,26,418,1
2026-06-04 18:04:10,1,0.09,25,412,1
2026-06-04 18:04:11,1,0.09,24,409,1
2026-06-04 18:04:12,1,0.09,27,413,1
2026-06-04 18:04:13,1,0.09,28,411,1
2026-06-04 18:04:14,1,0.09,28,409,1
2026-06-04 18:04:15,1,0.09,28,410,1
2026-06-04 18:04:16,1,0.04,33,412,1
2026-06-04 18:04:17,1,0.04,32,420,1
2026-06-04 18:04:18,1,0.04,37,424,1
2026-06-04 18:04:19,1,0.07,39,427,1
2026-06-04 18:04:20,1,0.07,44,425,1
2026-06-04 18:04:21,1,0.07,32,422,1
2026-06-04 18:04:22,1,0.07,41,433,1
2026-06-04 18:04:23,1,0.07,37,423,1
2026-06-04 18:04:24,1,0.07,38,430,1
2026-06-04 18:04:25,1,0.07,38,424,1
2026-06-04 18:04:26,1,0.07,40,418,1
2026-06-04 18:04:27,1,0.07,43,419,1
2026-06-04 18:04:28,1,0.07,43,421,1
2026-06-04 18:04:29,1,0.07,40,434,1
2026-06-04 18:04:30,1,0.07,45,423,1
2026-06-04 18:04:31,1,0.07,41,424,1
2026-06-04 18:04:32,1,0.07,39,425,1
2026-06-04 18:04:33,1,0.07,42,419,1
2026-06-04 18:04:34,1,0.07,43,424,1
2026-06-04 18:04:35,1,0.07,41,419,1
2026-06-04 18:04:36,1,0.07,43,424,1
2026-06-04 18:04:37,1,0.07,39,425,1
2026-06-04 18:04:38,1,0.07,43,423,1
2026-06-04 18:04:39,1,0.07,41,430,1
2026-06-04 18:04:40,1,0.07,49,432,1
2026-06-04 18:04:41,1,0.07,41,422,1
2026-06-04 18:04:42,1,0.07,44,429,1
2026-06-04 18:04:43,1,0.07,36,425,1
2026-06-04 18:04:44,1,0.07,39,426,1
2026-06-04 18:04:45,1,0.07,45,429,1
2026-06-04 18:04:46,1,0.07,42,425,1
2026-06-04 18:04:47,1,0.07,51,436,1
2026-06-04 18:04:48,1,0.07,47,426,1
2026-06-04 18:04:49,1,0.07,48,423,1
2026-06-04 18:04:50,1,0.07,45,434,1
2026-06-04 18:04:51,1,0.07,48,426,1
2026-06-04 18:04:52,1,0.07,48,429,1
2026-06-04 18:04:53,1,0.07,52,433,1
2026-06-04 18:04:54,1,0.07,46,428,1
2026-06-04 18:04:55,1,0.07,45,422,1
2026-06-04 18:04:56,1,0.07,45,421,1
2026-06-04 18:04:57,1,0.07,44,427,1
2026-06-04 18:04:58,1,0.07,47,425,1
2026-06-04 18:04:59,1,0.07,46,420,1
2026-06-04 18:05:00,1,0.07,50,426,1
2026-06-04 18:05:01,1,0.07,44,415,1
2026-06-04 18:05:02,1,0.07,47,424,1
2026-06-04 18:05:03,1,0.07,41,412,1
2026-06-04 18:05:04,1,0.07,46,422,1
2026-06-04 18:05:05,1,0.08,43,425,1
2026-06-04 18:05:06,1,0.08,45,433,1
2026-06-04 18:05:07,1,0.08,48,425,1
2026-06-04 18:05:08,1,0.08,44,424,1
2026-06-04 18:05:09,1,0.08,49,431,1
2026-06-04 18:05:10,1,0.08,49,426,1
2026-06-04 18:05:11,1,0.08,47,414,1
2026-06-04 18:05:12,1,0.08,44,420,1
2026-06-04 18:05:13,1,0.25,46,417,1
2026-06-04 18:05:14,1,0.25,47,414,1
2026-06-04 18:05:15,1,0.25,44,413,1
2026-06-04 18:05:16,1,0.25,46,487,1
2026-06-04 18:05:17,1,0.27,62,649,1
2026-06-04 18:05:18,1,0.36,65,673,1
2026-06-04 18:05:19,1,0.37,73,675,1
2026-06-04 18:05:20,1,0.44,78,656,1
2026-06-04 18:05:21,1,0.45,80,638,1
2026-06-04 18:05:22,1,0.45,83,633,1
2026-06-04 18:05:23,1,0.45,91,796,1
2026-06-04 18:05:24,1,0.49,104,842,1
2026-06-04 18:05:25,1,0.26,100,751,1
2026-06-04 18:05:26,1,0.38,91,639,1
2026-06-04 18:05:27,1,0.70,80,521,1
2026-06-04 18:05:28,1,1.88,66,468,1
2026-06-04 18:05:29,1,6.91,64,443,1
2026-06-04 18:05:30,1,6.81,61,432,1
2026-06-04 18:05:31,1,7.10,52,407,1
2026-06-04 18:05:32,1,7.08,55,416,1
2026-06-04 18:05:33,1,6.82,50,405,1
2026-06-04 18:05:34,1,5.94,43,403,1
2026-06-04 18:05:35,1,4.79,42,400,1
2026-06-04 18:05:36,1,3.90,37,400,1
2026-06-04 18:05:37,1,3.52,33,400,1
2026-06-04 18:05:38,1,3.52,30,400,1
2026-06-04 18:05:39,1,3.52,37,400,1
2026-06-04 18:05:40,1,3.52,36,400,1
2026-06-04 18:05:41,1,3.52,32,400,1
2026-06-04 18:05:42,1,3.52,34,400,1
2026-06-04 18:05:43,1,3.52,27,400,1
2026-06-04 18:05:44,1,3.52,30,400,1
2026-06-04 18:05:45,1,3.52,24,400,1
2026-06-04 18:05:46,1,3.52,33,400,1
2026-06-04 18:05:47,1,3.52,35,404,1
2026-06-04 18:05:48,1,3.52,30,400,1
2026-06-04 18:05:49,1,3.52,24,400,1
2026-06-04 18:05:50,1,3.52,28,400,1
2026-06-04 18:05:51,1,3.52,29,400,1
2026-06-04 18:05:52,1,3.52,26,400,1
2026-06-04 18:05:53,1,3.52,34,400,1
2026-06-04 18:05:54,1,3.52,27,400,1
2026-06-04 18:05:55,1,3.52,34,400,1
2026-06-04 18:05:56,1,3.52,25,400,1
2026-06-04 18:05:57,1,3.52,34,401,1
2026-06-04 18:05:58,1,3.52,31,407,1
2026-06-04 18:05:59,1,3.52,34,402,1
2026-06-04 18:06:00,1,3.52,32,400,1
2026-06-04 18:06:01,1,3.52,34,401,1
2026-06-04 18:06:02,1,3.52,34,408,1
2026-06-04 18:06:03,1,3.52,34,403,1
2026-06-04 18:06:04,1,3.52,35,403,1
2026-06-04 18:06:05,1,3.52,34,400,1
2026-06-04 18:06:06,1,3.52,35,401,1
2026-06-04 18:06:07,1,3.52,31,402,1
2026-06-04 18:06:08,1,3.52,32,400,1
2026-06-04 18:06:09,1,3.52,28,401,1
2026-06-04 18:06:10,1,3.52,36,405,1
2026-06-04 18:06:11,1,3.52,26,400,1
2026-06-04 18:06:12,1,3.52,29,400,1
2026-06-04 18:06:13,1,3.52,34,406,1
2026-06-04 18:06:14,1,3.52,35,400,1
2026-06-04 18:06:15,1,3.52,36,401,1
2026-06-04 18:06:16,1,3.52,34,400,1
2026-06-04 18:06:17,1,3.52,40,402,1
2026-06-04 18:06:18,1,3.52,36,400,1
2026-06-04 18:06:19,1,3.52,33,401,1
2026-06-04 18:06:20,1,3.52,35,400,1
2026-06-04 18:06:21,1,3.52,37,400,1
2026-06-04 18:06:22,1,3.52,30,400,1
2026-06-04 18:06:23,1,3.52,29,400,1
2026-06-04 18:06:24,1,3.52,33,400,1
2026-06-04 18:06:25,0,0.00,35,400,1
2026-06-04 18:06:26,0,0.00,34,400,1
2026-06-04 18:06:27,0,0.00,34,400,1
2026-06-04 18:06:28,0,0.00,25,400,1
2026-06-04 18:06:29,0,0.00,31,400,1
2026-06-04 18:06:30,0,0.00,22,400,1
2026-06-04 18:06:31,0,0.00,23,400,1
2026-06-04 18:06:32,0,0.00,27,400,1
2026-06-04 18:06:33,0,0.00,25,400,1
2026-06-04 18:06:34,0,0.00,25,400,1
2026-06-04 18:06:35,0,0.00,28,407,1
2026-06-04 18:06:36,0,0.00,29,400,1
2026-06-04 18:06:37,0,0.00,28,400,1
2026-06-04 18:06:38,0,0.00,27,400,1
2026-06-04 18:06:39,0,0.00,25,400,1
2026-06-04 18:06:40,0,0.00,26,400,1
2026-06-04 18:06:41,0,0.00,29,400,1
2026-06-04 18:06:42,0,0.00,29,400,1
2026-06-04 18:06:43,0,0.00,26,400,1
2026-06-04 18:06:44,0,0.00,22,400,1
2026-06-04 18:06:45,0,0.00,19,400,1
2026-06-04 18:06:46,0,0.00,26,400,1
2026-06-04 18:06:47,0,0.00,25,400,1
2026-06-04 18:06:48,0,0.00,25,400,1
2026-06-04 18:06:49,0,0.00,26,400,1
2026-06-04 18:06:50,0,0.00,23,400,1
2026-06-04 18:06:51,0,0.00,19,400,1
2026-06-04 18:06:52,0,0.00,24,400,1
2026-06-04 18:06:53,0,0.00,27,400,1
2026-06-04 18:06:54,0,0.00,19,400,1
2026-06-04 18:06:55,0,0.00,24,400,1
2026-06-04 18:06:56,0,0.00,25,400,1
2026-06-04 18:06:57,0,0.00,21,400,1
2026-06-04 18:06:58,0,0.00,17,400,1
2026-06-04 18:06:59,0,0.00,21,400,1
2026-06-04 18:07:00,0,0.00,20,400,1
2026-06-04 18:07:01,0,0.00,16,400,1
2026-06-04 18:07:02,0,0.00,17,400,1
2026-06-04 18:07:03,0,0.00,18,400,1
2026-06-04 18:07:04,0,0.00,11,400,1
2026-06-04 18:07:05,0,0.00,15,400,1
2026-06-04 18:07:06,0,0.00,12,400,1
2026-06-04 18:07:07,0,0.00,21,400,1
2026-06-04 18:07:08,0,0.00,16,400,1
2026-06-04 18:07:09,0,0.00,14,400,1
2026-06-04 18:07:10,0,0.00,21,400,1
2026-06-04 18:07:11,0,0.00,11,400,1
2026-06-04 18:07:12,0,0.00,18,400,1
2026-06-04 18:07:13,0,0.00,14,400,1
2026-06-04 18:07:14,0,0.00,17,400,1
2026-06-04 18:07:15,0,0.00,17,400,1
2026-06-04 18:07:16,0,0.00,12,400,1
2026-06-04 18:07:17,0,0.00,13,400,1
2026-06-04 18:07:18,0,0.00,15,400,1
2026-06-04 18:07:19,0,0.00,14,400,1
2026-06-04 18:07:20,0,0.00,16,400,1
2026-06-04 18:07:21,0,0.00,10,400,1
2026-06-04 18:07:22,0,0.00,16,400,1
2026-06-04 18:07:23,0,0.00,4,400,1
2026-06-04 18:07:24,0,0.00,8,400,1
2026-06-04 18:07:25,0,0.00,10,400,1
2026-06-04 18:07:26,0,0.00,3,400,1
2026-06-04 18:07:27,0,0.00,3,400,1
2026-06-04 18:07:28,0,0.00,2,400,1
2026-06-04 18:07:29,0,0.00,8,400,1
2026-06-04 18:07:30,0,0.00,8,400,1
2026-06-04 18:07:31,0,0.00,7,400,1
2026-06-04 18:07:32,0,0.00,11,400,1
2026-06-04 18:07:33,0,0.00,6,400,1
2026-06-04 18:07:34,0,0.00,2,400,1
2026-06-04 18:07:35,0,0.00,7,400,1
2026-06-04 18:07:36,0,0.00,9,400,1
2026-06-04 18:07:37,0,0.00,1,400,1
2026-06-04 18:07:38,0,0.00,3,400,1
2026-06-04 18:07:39,0,0.00,10,400,1
2026-06-04 18:07:40,0,0.00,3,400,1
2026-06-04 18:07:41,0,0.00,4,400,1
2026-06-04 18:07:42,0,0.00,7,400,1
2026-06-04 18:07:43,0,0.00,6,400,1
2026-06-04 18:07:44,0,0.00,3,400,1
2026-06-04 18:07:45,0,0.00,2,400,1
2026-06-04 18:07:46,0,0.00,0,400,1
2026-06-04 18:07:47,0,0.00,0,400,1
2026-06-04 18:07:48,0,0.00,3,400,1
2026-06-04 18:07:49,0,0.00,0,400,1
2026-06-04 18:07:50,0,0.00,1,400,1
2026-06-04 18:07:51,0,0.00,1,400,1
2026-06-04 18:07:52,0,0.00,0,400,1
2026-06-04 18:07:53,0,0.00,3,400,1
2026-06-04 18:07:54,0,0.00,2,400,1
2026-06-04 18:07:55,0,0.00,0,400,1
2026-06-04 18:07:56,0,0.00,2,400,1
2026-06-04 18:07:57,0,0.00,2,400,1
2026-06-04 18:07:58,0,0.00,5,400,1
2026-06-04 18:07:59,0,0.00,6,400,1
2026-06-04 18:08:00,0,0.00,0,400,1
2026-06-04 18:08:01,0,0.00,0,400,1
2026-06-04 18:08:02,0,0.00,0,400,1
2026-06-04 18:08:03,0,0.00,11,400,1
2026-06-04 18:08:04,0,0.00,2,400,1
2026-06-04 18:08:05,0,0.00,4,400,1
2026-06-04 18:08:06,0,0.00,5,400,1
2026-06-04 18:08:07,0,0.00,3,400,1
2026-06-04 18:08:08,0,0.00,6,400,1
2026-06-04 18:08:09,0,0.00,2,400,1
2026-06-04 18:08:10,0,0.00,1,400,1
2026-06-04 18:08:11,0,0.00,6,400,1
2026-06-04 18:08:12,0,0.00,2,400,1
2026-06-04 18:08:13,0,0.00,4,400,1
2026-06-04 18:08:14,0,0.00,6,400,1
2026-06-04 18:08:15,0,0.00,4,400,1
2026-06-04 18:08:16,0,0.00,2,400,1
2026-06-04 18:08:17,0,0.00,7,400,1
2026-06-04 18:08:19,0,0.00,6,400,1
2026-06-04 18:08:19,0,0.00,12,400,1
2026-06-04 18:08:20,0,0.00,7,400,1
2026-06-04 18:08:21,0,0.00,10,400,1
2026-06-04 18:08:22,0,0.00,8,400,1
2026-06-04 18:08:23,0,0.00,0,400,1
2026-06-04 18:08:24,0,0.00,4,400,1
2026-06-04 18:08:25,0,0.00,0,400,1
2026-06-04 18:08:26,0,0.00,7,400,1
2026-06-04 18:08:27,0,0.00,10,400,1
2026-06-04 18:08:28,0,0.00,9,400,1
2026-06-04 18:08:29,0,0.00,8,400,1
2026-06-04 18:08:30,0,0.00,11,400,1
2026-06-04 18:08:31,0,0.00,12,400,1
2026-06-04 18:08:32,0,0.00,8,400,1
2026-06-04 18:08:33,0,0.00,8,400,1
2026-06-04 18:08:34,0,0.00,9,400,1
2026-06-04 18:08:35,0,0.00,12,400,1
2026-06-04 18:08:36,0,0.00,9,400,1
2026-06-04 18:08:37,0,0.00,17,400,1
2026-06-04 18:08:38,0,0.00,14,400,1
2026-06-04 18:08:39,0,0.00,15,400,1
2026-06-04 18:08:40,0,0.00,14,400,1
2026-06-04 18:08:41,0,0.00,17,400,1
2026-06-04 18:08:42,0,0.00,11,400,1
2026-06-04 18:08:43,0,0.00,9,400,1
2026-06-04 18:08:44,0,0.00,21,400,1
2026-06-04 18:08:45,0,0.00,16,400,1
2026-06-04 18:08:46,0,0.00,13,400,1
2026-06-04 18:08:47,0,0.00,12,400,1
2026-06-04 18:08:48,0,0.00,12,400,1
2026-06-04 18:08:49,0,0.00,9,400,1
2026-06-04 18:08:50,0,0.00,13,400,1
2026-06-04 18:08:51,0,0.00,16,400,1
2026-06-04 18:08:52,0,0.00,16,400,1
2026-06-04 18:08:53,0,0.00,15,400,1
2026-06-04 18:08:54,0,0.00,15,400,1
2026-06-04 18:08:55,0,0.00,12,400,1
2026-06-04 18:08:56,1,6.32,20,400,1
2026-06-04 18:08:57,1,6.32,12,400,1
2026-06-04 18:08:58,1,6.32,16,400,1
2026-06-04 18:08:59,1,6.32,16,400,1
2026-06-04 18:09:00,1,6.32,12,400,1
2026-06-04 18:09:01,1,6.32,10,400,1
2026-06-04 18:09:02,1,6.32,9,400,1
2026-06-04 18:09:03,1,6.32,12,400,1
2026-06-04 18:09:04,1,6.32,10,400,1
2026-06-04 18:09:05,1,6.32,8,400,1
2026-06-04 18:09:06,1,6.32,15,400,1
2026-06-04 18:09:07,1,6.32,12,400,1
2026-06-04 18:09:08,1,6.32,9,400,1
2026-06-04 18:09:09,1,6.32,9,400,1
2026-06-04 18:09:10,1,6.32,16,400,1
2026-06-04 18:09:11,1,6.32,12,400,1
2026-06-04 18:09:12,1,6.32,10,400,1
2026-06-04 18:09:13,1,6.32,9,400,1
2026-06-04 18:09:15,1,6.32,9,400,1
2026-06-04 18:09:15,1,6.32,10,400,1
2026-06-04 18:09:16,1,6.32,15,400,1
2026-06-04 18:09:17,1,6.32,13,400,1
2026-06-04 18:09:18,1,6.32,12,400,1
2026-06-04 18:09:19,1,6.32,10,400,1
2026-06-04 18:09:20,1,6.32,10,400,1
2026-06-04 18:09:21,1,6.32,10,400,1
2026-06-04 18:09:22,1,6.32,10,400,1
2026-06-04 18:09:23,1,6.32,11,400,1
2026-06-04 18:09:24,1,6.32,5,400,1
2026-06-04 18:09:25,1,6.32,11,400,1
2026-06-04 18:09:26,1,6.32,8,400,1
2026-06-04 18:09:27,1,6.32,7,400,1
2026-06-04 18:09:28,0,0.00,12,400,1
2026-06-04 18:09:29,0,0.00,8,400,1
2026-06-04 18:09:30,0,0.00,9,400,1
2026-06-04 18:09:31,0,0.00,3,400,1
2026-06-04 18:09:32,0,0.00,5,400,1
2026-06-04 18:09:33,0,0.00,3,400,1
2026-06-04 18:09:34,0,0.00,9,400,1
2026-06-04 18:09:35,0,0.00,2,400,1
2026-06-04 18:09:36,0,0.00,8,400,1
2026-06-04 18:09:37,0,0.00,8,400,1
2026-06-04 18:09:38,0,0.00,6,400,1
2026-06-04 18:09:39,0,0.00,0,400,1
2026-06-04 18:09:40,0,0.00,6,400,1
2026-06-04 18:09:41,0,0.00,4,400,1
2026-06-04 18:09:42,0,0.00,0,400,1
2026-06-04 18:09:43,0,0.00,3,400,1
2026-06-04 18:09:44,0,0.00,1,400,1
2026-06-04 18:09:45,0,0.00,2,400,1
2026-06-04 18:09:46,0,0.00,6,400,1
2026-06-04 18:09:47,0,0.00,3,400,1
2026-06-04 18:09:48,0,0.00,10,400,1
2026-06-04 18:09:49,0,0.00,4,400,1
2026-06-04 18:09:50,0,0.00,3,400,1
2026-06-04 18:09:51,0,0.00,8,400,1
2026-06-04 18:09:52,0,0.00,6,400,1
2026-06-04 18:09:53,0,0.00,0,400,1
2026-06-04 18:09:54,0,0.00,2,400,1
2026-06-04 18:09:55,0,0.00,11,400,1
2026-06-04 18:09:56,1,2.92,10,400,1
2026-06-04 18:09:57,1,3.56,7,400,1
2026-06-04 18:09:58,1,4.56,5,400,1
2026-06-04 18:09:59,1,4.56,4,400,1
2026-06-04 18:10:00,1,7.73,7,400,1
2026-06-04 18:10:01,1,7.63,12,400,1
2026-06-04 18:10:02,1,6.99,9,400,1
2026-06-04 18:10:03,1,6.48,4,400,1
2026-06-04 18:10:04,1,4.47,8,400,1
2026-06-04 18:10:05,1,1.88,6,400,1
2026-06-04 18:10:06,1,0.61,1,400,1
2026-06-04 18:10:07,1,0.28,0,400,1
2026-06-04 18:10:08,1,0.52,2,400,1
2026-06-04 18:10:09,1,0.36,0,400,1
2026-06-04 18:10:10,1,0.20,0,400,1
2026-06-04 18:10:11,1,0.12,0,400,1
2026-06-04 18:10:12,1,0.12,2,400,1
2026-06-04 18:10:13,1,0.12,2,400,1
2026-06-04 18:10:14,1,0.12,6,400,1
2026-06-04 18:10:15,1,0.12,1,400,1
2026-06-04 18:10:16,1,0.12,7,400,1
2026-06-04 18:10:17,1,0.12,3,400,1
2026-06-04 18:10:18,1,0.12,3,400,1
2026-06-04 18:10:19,1,0.12,8,400,1
2026-06-04 18:10:20,1,0.12,9,400,1
2026-06-04 18:10:21,1,0.12,10,400,1
2026-06-04 18:10:22,1,0.12,12,400,1
2026-06-04 18:10:23,1,0.12,8,400,1
2026-06-04 18:10:24,1,0.12,12,400,1
2026-06-04 18:10:25,1,0.12,18,400,1
2026-06-04 18:10:26,1,0.12,11,400,1
2026-06-04 18:10:27,1,0.12,8,400,1
2026-06-04 18:10:28,1,0.12,15,400,1
2026-06-04 18:10:29,1,0.12,14,400,1
2026-06-04 18:10:30,1,0.12,12,400,1
2026-06-04 18:10:31,1,0.12,10,400,1
2026-06-04 18:10:32,1,0.12,13,400,1
2026-06-04 18:10:33,1,0.12,13,400,1
2026-06-04 18:10:34,1,0.12,16,400,1
2026-06-04 18:10:35,1,0.12,18,400,1
2026-06-04 18:10:36,1,0.12,13,400,1
2026-06-04 18:10:37,1,0.12,18,400,1
2026-06-04 18:10:38,1,0.12,16,400,1
2026-06-04 18:10:39,1,0.12,21,400,1
2026-06-04 18:10:40,1,0.12,19,400,1
2026-06-04 18:10:41,1,0.12,21,400,1
2026-06-04 18:10:42,1,0.12,24,400,1
2026-06-04 18:10:43,1,0.12,28,400,1
2026-06-04 18:10:44,1,0.12,20,400,1
2026-06-04 18:10:45,1,0.12,20,400,1
2026-06-04 18:10:46,1,0.12,22,400,1
2026-06-04 18:10:47,1,0.12,28,400,1
2026-06-04 18:10:48,1,0.12,21,400,1
2026-06-04 18:10:49,1,0.12,28,400,1
2026-06-04 18:10:50,1,0.12,27,400,1
2026-06-04 18:10:51,1,0.12,31,400,1
2026-06-04 18:10:52,1,0.12,28,400,1
2026-06-04 18:10:53,1,0.12,34,400,1
2026-06-04 18:10:54,1,0.12,28,400,1
2026-06-04 18:10:55,1,0.12,34,400,1
2026-06-04 18:10:56,1,0.12,30,400,1
2026-06-04 18:10:57,1,0.12,34,400,1
2026-06-04 18:10:58,1,0.12,31,400,1
2026-06-04 18:10:59,1,0.12,24,400,1
2026-06-04 18:11:00,1,0.12,29,400,1
2026-06-04 18:11:01,1,0.12,26,400,1
2026-06-04 18:11:02,1,0.12,33,400,1
2026-06-04 18:11:03,1,0.12,22,400,1
2026-06-04 18:11:05,1,0.12,25,400,1
2026-06-04 18:11:05,1,0.12,34,400,1
2026-06-04 18:11:06,1,0.12,27,400,1
2026-06-04 18:11:07,1,0.12,30,400,1
2026-06-04 18:11:08,1,0.12,28,400,1
2026-06-04 18:11:09,1,0.12,25,400,1
2026-06-04 18:11:10,1,0.12,25,400,1
2026-06-04 18:11:11,1,0.12,28,400,1
2026-06-04 18:11:12,1,0.12,31,400,1
2026-06-04 18:11:13,1,0.12,32,400,1
2026-06-04 18:11:14,1,0.12,30,400,1
2026-06-04 18:11:15,1,6.25,30,400,1
2026-06-04 18:11:16,1,6.22,27,400,1
2026-06-04 18:11:17,1,3.52,25,400,1
2026-06-04 18:11:18,1,4.84,30,400,1
2026-06-04 18:11:19,1,4.92,27,400,1
2026-06-04 18:11:20,1,4.92,27,400,1
2026-06-04 18:11:21,1,4.92,30,400,1
2026-06-04 18:11:22,1,4.92,31,400,1
2026-06-04 18:11:23,1,4.92,28,400,1
2026-06-04 18:11:24,1,0.08,24,400,1
2026-06-04 18:11:25,1,0.08,28,400,1
2026-06-04 18:11:26,1,0.08,25,400,1
2026-06-04 18:11:27,1,0.08,25,400,1
2026-06-04 18:11:28,1,0.08,25,400,1
2026-06-04 18:11:29,1,0.08,25,400,1
2026-06-04 18:11:30,1,0.08,21,400,1
2026-06-04 18:11:31,1,0.08,22,400,1
2026-06-04 18:11:32,1,0.64,26,400,1
2026-06-04 18:11:33,1,0.64,24,400,1
2026-06-04 18:11:34,1,0.64,23,400,1
2026-06-04 18:11:35,1,0.64,25,400,1
2026-06-04 18:11:36,1,0.64,28,400,1
2026-06-04 18:11:37,1,0.64,23,400,1
2026-06-04 18:11:38,1,0.64,18,400,1
2026-06-04 18:11:39,1,0.64,19,400,1
2026-06-04 18:11:40,1,0.64,24,400,1
2026-06-04 18:11:41,1,0.64,24,400,1
2026-06-04 18:11:42,1,0.64,31,402,1
2026-06-04 18:11:43,1,0.64,26,400,1
2026-06-04 18:11:44,1,0.64,23,400,1
2026-06-04 18:11:45,1,0.64,24,400,1
2026-06-04 18:11:46,1,0.64,23,400,1
2026-06-04 18:11:47,1,0.64,20,400,1
2026-06-04 18:11:48,1,0.64,25,400,1
2026-06-04 18:11:49,1,0.64,25,400,1
2026-06-04 18:11:50,1,0.64,20,400,1
2026-06-04 18:11:51,1,0.64,20,400,1
2026-06-04 18:11:52,1,0.64,23,400,1
2026-06-04 18:11:53,1,0.64,20,400,1
2026-06-04 18:11:54,1,0.64,24,400,1
2026-06-04 18:11:55,1,0.10,22,400,1
2026-06-04 18:11:56,1,0.10,23,400,1
2026-06-04 18:11:57,1,0.10,25,400,1
2026-06-04 18:11:58,1,0.10,18,400,1
2026-06-04 18:11:59,1,0.10,26,400,1
2026-06-04 18:12:00,1,0.10,21,400,1
2026-06-04 18:12:01,1,0.10,26,400,1
2026-06-04 18:12:02,1,0.10,22,400,1
2026-06-04 18:12:03,1,0.10,26,400,1
2026-06-04 18:12:04,1,0.10,30,400,1
2026-06-04 18:12:05,1,0.10,20,400,1
2026-06-04 18:12:06,1,0.10,29,400,1
2026-06-04 18:12:07,1,0.10,23,400,1
2026-06-04 18:12:08,1,0.10,24,400,1
2026-06-04 18:12:09,1,0.10,23,400,1
2026-06-04 18:12:10,1,0.10,18,400,1
2026-06-04 18:12:11,1,0.10,16,400,1
2026-06-04 18:12:12,1,0.10,20,400,1
2026-06-04 18:12:13,1,0.10,29,400,1
2026-06-04 18:12:14,1,0.10,21,400,1
2026-06-04 18:12:15,1,0.10,18,400,1
2026-06-04 18:12:16,1,0.10,16,400,1
2026-06-04 18:12:17,1,0.10,15,400,1
2026-06-04 18:12:18,1,0.10,21,400,1
2026-06-04 18:12:19,1,0.10,20,400,1
2026-06-04 18:12:20,1,0.10,16,400,1
2026-06-04 18:12:21,1,0.17,16,400,1
2026-06-04 18:12:22,1,1.12,20,400,1
2026-06-04 18:12:23,1,0.28,31,561,1
2026-06-04 18:12:24,1,0.29,37,602,1
2026-06-04 18:12:25,1,1.01,46,599,1
2026-06-04 18:12:26,1,2.81,42,549,1
2026-06-04 18:12:27,1,3.70,31,497,1
2026-06-04 18:12:28,1,4.23,35,471,1
2026-06-04 18:12:29,1,4.23,25,422,1
2026-06-04 18:12:30,1,4.23,24,405,1
2026-06-04 18:12:31,1,4.29,21,402,1
2026-06-04 18:12:32,1,3.65,18,400,1
2026-06-04 18:12:33,1,3.17,14,400,1
2026-06-04 18:12:34,1,3.17,16,400,1
2026-06-04 18:12:35,1,3.17,12,400,1
2026-06-04 18:12:36,1,3.17,12,400,1
2026-06-04 18:12:37,1,3.17,7,400,1
2026-06-04 18:12:38,1,3.17,4,400,1
2026-06-04 18:12:39,1,3.17,4,400,1
2026-06-04 18:12:40,1,3.17,12,400,1
2026-06-04 18:12:41,1,3.17,4,400,1
2026-06-04 18:12:42,1,3.17,10,400,1
2026-06-04 18:12:43,1,3.17,9,400,1
2026-06-04 18:12:44,1,3.17,7,400,1
2026-06-04 18:12:45,1,3.17,15,400,1
2026-06-04 18:12:46,1,3.17,7,400,1
2026-06-04 18:12:47,1,3.17,5,400,1
2026-06-04 18:12:48,1,3.17,7,400,1
2026-06-04 18:12:49,1,3.17,13,400,1
2026-06-04 18:12:50,1,3.17,8,400,1
2026-06-04 18:12:51,1,3.17,14,400,1
2026-06-04 18:12:52,1,3.17,10,400,1
2026-06-04 18:12:53,1,3.17,15,400,1
2026-06-04 18:12:54,1,3.17,9,400,1
2026-06-04 18:12:55,1,3.17,19,400,1
2026-06-04 18:12:56,1,3.17,14,400,1
2026-06-04 18:12:57,1,3.17,15,400,1
2026-06-04 18:12:58,1,3.17,15,400,1
2026-06-04 18:12:59,1,3.17,17,400,1
2026-06-04 18:13:00,1,3.17,21,400,1
2026-06-04 18:13:01,1,3.17,13,400,1
2026-06-04 18:13:02,1,3.17,23,400,1
2026-06-04 18:13:03,1,3.17,20,400,1
2026-06-04 18:13:04,1,3.17,24,400,1
2026-06-04 18:13:05,1,3.17,19,400,1
2026-06-04 18:13:06,1,3.17,28,400,1
2026-06-04 18:13:07,1,3.17,21,400,1
2026-06-04 18:13:08,1,3.17,29,400,1
2026-06-04 18:13:09,1,3.17,27,400,1
2026-06-04 18:13:10,1,3.17,32,400,1
2026-06-04 18:13:11,1,3.17,24,400,1
2026-06-04 18:13:12,1,3.17,19,400,1
2026-06-04 18:13:13,1,3.17,18,400,1
2026-06-04 18:13:14,0,0.00,23,400,1
2026-06-04 18:13:15,0,0.00,22,400,1
2026-06-04 18:13:16,0,0.00,20,400,1
2026-06-04 18:13:17,0,0.00,20,400,1
2026-06-04 18:13:18,0,0.00,20,400,1
2026-06-04 18:13:19,0,0.00,16,400,1
2026-06-04 18:13:20,0,0.00,18,400,1
2026-06-04 18:13:21,0,0.00,24,400,1
2026-06-04 18:13:22,0,0.00,12,400,1
2026-06-04 18:13:23,0,0.00,16,400,1
2026-06-04 18:13:24,0,0.00,19,400,1
2026-06-04 18:13:25,0,0.00,17,400,1
2026-06-04 18:13:26,0,0.00,12,400,1
2026-06-04 18:13:27,0,0.00,13,400,1
2026-06-04 18:13:28,0,0.00,10,400,1
2026-06-04 18:13:29,0,0.00,10,400,1
2026-06-04 18:13:30,0,0.00,9,400,1
2026-06-04 18:13:31,0,0.00,9,400,1
2026-06-04 18:13:32,0,0.00,8,400,1
2026-06-04 18:13:33,0,0.00,16,400,1
2026-06-04 18:13:34,0,0.00,10,400,1
2026-06-04 18:13:35,0,0.00,11,400,1
2026-06-04 18:13:36,0,0.00,10,400,1
2026-06-04 18:13:37,0,0.00,12,400,1
2026-06-04 18:13:38,0,0.00,11,400,1
2026-06-04 18:13:39,0,0.00,12,400,1
2026-06-04 18:13:40,0,0.00,9,400,1
2026-06-04 18:13:41,0,0.00,13,400,1
2026-06-04 18:13:42,0,0.00,13,400,1
2026-06-04 18:13:43,0,0.00,10,400,1
2026-06-04 18:13:44,0,0.00,13,400,1
2026-06-04 18:13:45,0,0.00,18,400,1
2026-06-04 18:13:46,0,0.00,7,400,1
2026-06-04 18:13:47,0,0.00,11,400,1
2026-06-04 18:13:48,0,0.00,10,400,1
2026-06-04 18:13:49,0,0.00,16,400,1
2026-06-04 18:13:50,0,0.00,11,400,1
2026-06-04 18:13:51,0,0.00,10,400,1
2026-06-04 18:13:52,0,0.00,13,400,1
2026-06-04 18:13:53,0,0.00,8,400,1
2026-06-04 18:13:54,0,0.00,18,400,1
2026-06-04 18:13:55,0,0.00,20,400,1
2026-06-04 18:13:56,0,0.00,23,400,1
2026-06-04 18:13:57,0,0.00,20,403,1
2026-06-04 18:13:58,0,0.00,19,400,1
2026-06-04 18:13:59,0,0.00,19,400,1
2026-06-04 18:14:00,0,0.00,17,400,1
2026-06-04 18:14:01,1,4.20,21,403,1
2026-06-04 18:14:02,1,5.43,22,400,1
2026-06-04 18:14:03,1,6.03,23,405,1
2026-06-04 18:14:04,1,6.98,20,400,1
2026-06-04 18:14:05,1,5.61,25,403,1
2026-06-04 18:14:06,1,5.48,22,407,1
2026-06-04 18:14:07,1,4.13,28,403,1
2026-06-04 18:14:08,1,3.53,20,404,1
2026-06-04 18:14:09,1,3.53,19,401,1
2026-06-04 18:14:10,1,3.53,22,400,1
2026-06-04 18:14:11,1,3.53,26,403,1
2026-06-04 18:14:12,1,3.53,28,406,1
2026-06-04 18:14:13,1,3.53,23,403,1
2026-06-04 18:14:14,1,3.53,29,409,1
2026-06-04 18:14:15,1,3.53,26,402,1
2026-06-04 18:14:16,1,3.53,25,403,1
2026-06-04 18:14:17,1,3.53,34,410,1
2026-06-04 18:14:18,1,3.53,33,401,1
2026-06-04 18:14:19,1,3.53,29,404,1
2026-06-04 18:14:20,1,3.53,29,400,1
2026-06-04 18:14:21,1,3.53,28,400,1
2026-06-04 18:14:22,1,3.53,30,400,1
2026-06-04 18:14:23,1,3.53,23,400,1
2026-06-04 18:14:24,1,3.53,29,400,1
2026-06-04 18:14:25,1,3.53,22,400,1
2026-06-04 18:14:26,1,3.53,21,400,1
2026-06-04 18:14:27,1,3.53,24,400,1
2026-06-04 18:14:28,1,3.53,26,400,1
2026-06-04 18:14:29,1,3.53,21,400,1
2026-06-04 18:14:30,1,3.53,22,400,1
2026-06-04 18:14:31,1,3.53,16,400,1
2026-06-04 18:14:32,1,3.53,23,400,1
2026-06-04 18:14:33,1,3.53,19,400,1
2026-06-04 18:14:34,1,3.53,24,400,1
2026-06-04 18:14:35,1,3.53,14,400,1
2026-06-04 18:14:36,1,3.53,14,400,1
2026-06-04 18:14:37,1,3.53,17,400,1
2026-06-04 18:14:39,1,3.53,14,400,1
2026-06-04 18:14:39,1,3.85,8,400,1
2026-06-04 18:14:40,1,2.85,5,400,1
2026-06-04 18:14:41,1,3.71,11,400,1
2026-06-04 18:14:42,1,3.89,12,400,1
2026-06-04 18:14:43,1,3.89,1,400,1
2026-06-04 18:14:44,1,4.13,8,400,1
2026-06-04 18:14:45,1,4.41,7,400,1
2026-06-04 18:14:46,1,5.75,5,400,1
2026-06-04 18:14:47,1,5.92,8,400,1
2026-06-04 18:14:48,1,7.76,11,400,1
2026-06-04 18:14:49,1,7.06,7,400,1
2026-06-04 18:14:50,1,5.00,9,400,1
2026-06-04 18:14:51,1,7.79,6,400,1
2026-06-04 18:14:52,1,4.76,9,400,1
2026-06-04 18:14:53,1,6.50,9,400,1
2026-06-04 18:14:54,1,7.07,3,400,1
2026-06-04 18:14:55,1,7.07,0,400,1
2026-06-04 18:14:56,1,7.90,3,400,1
2026-06-04 18:14:57,1,7.90,5,400,1
2026-06-04 18:14:58,1,7.90,2,400,1
2026-06-04 18:14:59,1,7.90,1,400,1
2026-06-04 18:15:00,1,7.90,6,400,1
2026-06-04 18:15:01,1,6.82,1,400,1
2026-06-04 18:15:02,1,6.82,4,400,1
2026-06-04 18:15:03,1,6.82,0,400,1
2026-06-04 18:15:04,1,6.82,0,400,1
2026-06-04 18:15:05,1,6.82,4,400,1
2026-06-04 18:15:06,1,6.82,0,400,1
2026-06-04 18:15:07,1,6.82,0,400,1
2026-06-04 18:15:08,1,6.82,6,400,1
2026-06-04 18:15:09,1,6.82,8,400,1
2026-06-04 18:15:10,1,6.82,1,400,1
2026-06-04 18:15:11,1,6.82,3,400,1
2026-06-04 18:15:12,1,6.82,1,400,1
2026-06-04 18:15:13,1,6.82,5,400,1
2026-06-04 18:15:14,1,6.82,5,400,1
2026-06-04 18:15:15,1,6.82,8,400,1
2026-06-04 18:15:16,1,6.82,4,400,1
2026-06-04 18:15:17,1,6.82,5,400,1
2026-06-04 18:15:18,1,6.82,7,400,1
2026-06-04 18:15:19,1,6.82,7,400,1
2026-06-04 18:15:20,1,6.82,3,400,1
2026-06-04 18:15:21,1,6.82,7,400,1
2026-06-04 18:15:22,1,6.82,5,400,1
2026-06-04 18:15:23,1,6.82,17,400,1
2026-06-04 18:15:24,1,6.82,10,400,1
2026-06-04 18:15:25,1,6.82,6,400,1
2026-06-04 18:15:26,1,6.82,13,400,1
2026-06-04 18:15:27,1,6.82,9,400,1
2026-06-04 18:15:28,1,6.82,10,400,1
2026-06-04 18:15:29,1,6.82,12,400,1
2026-06-04 18:15:30,1,6.82,10,400,1
2026-06-04 18:15:31,1,6.82,9,400,1
2026-06-04 18:15:32,1,6.82,20,400,1
2026-06-04 18:15:33,0,0.00,17,400,1
2026-06-04 18:15:34,0,0.00,13,400,1
2026-06-04 18:15:35,0,0.00,16,400,1
2026-06-04 18:15:36,0,0.00,13,400,1
2026-06-04 18:15:37,0,0.00,14,400,1
2026-06-04 18:15:38,0,0.00,9,400,1
2026-06-04 18:15:39,0,0.00,12,400,1
2026-06-04 18:15:40,0,0.00,9,400,1
2026-06-04 18:15:41,0,0.00,14,400,1
2026-06-04 18:15:42,0,0.00,13,400,1
2026-06-04 18:15:43,0,0.00,10,400,1
2026-06-04 18:15:44,0,0.00,11,400,1
2026-06-04 18:15:45,0,0.00,12,400,1
2026-06-04 18:15:46,0,0.00,10,400,1
2026-06-04 18:15:47,0,0.00,6,400,1
2026-06-04 18:15:48,0,0.00,8,400,1
2026-06-04 18:15:49,0,0.00,6,400,1
2026-06-04 18:15:50,1,2.97,10,400,1
2026-06-04 18:15:51,1,3.18,5,400,1
2026-06-04 18:15:52,1,4.48,8,400,1
2026-06-04 18:15:53,1,5.01,9,400,1
2026-06-04 18:15:54,1,5.01,8,400,1
2026-06-04 18:15:55,1,6.58,8,400,1
2026-06-04 18:15:56,1,6.41,2,400,1
2026-06-04 18:15:57,1,5.02,1,400,1
2026-06-04 18:15:58,1,1.43,9,400,1
2026-06-04 18:15:59,1,0.67,4,400,1
2026-06-04 18:16:00,1,0.44,3,400,1
2026-06-04 18:16:01,1,0.38,2,400,1
2026-06-04 18:16:02,1,0.57,0,400,1
2026-06-04 18:16:03,1,0.61,9,400,1
2026-06-04 18:16:04,1,0.61,1,400,1
2026-06-04 18:16:05,1,0.61,0,400,1
2026-06-04 18:16:06,1,0.61,6,412,1
2026-06-04 18:16:07,1,0.61,7,400,1
2026-06-04 18:16:08,1,0.61,11,444,1
2026-06-04 18:16:09,1,0.61,14,496,1
2026-06-04 18:16:10,1,0.61,17,474,1
2026-06-04 18:16:11,1,0.61,16,438,1
2026-06-04 18:16:12,1,0.61,14,408,1
2026-06-04 18:16:13,1,0.61,10,411,1
2026-06-04 18:16:14,1,0.61,3,400,1
2026-06-04 18:16:15,1,0.61,2,400,1
2026-06-04 18:16:16,1,0.61,7,401,1
2026-06-04 18:16:17,1,0.61,6,411,1
2026-06-04 18:16:18,1,0.61,13,408,1
2026-06-04 18:16:19,1,0.61,5,400,1
2026-06-04 18:16:20,1,0.61,9,400,1
2026-06-04 18:16:21,1,0.61,6,400,1
2026-06-04 18:16:22,1,0.61,8,400,1
2026-06-04 18:16:23,1,0.61,6,400,1
2026-06-04 18:16:24,1,0.61,10,400,1
2026-06-04 18:16:25,1,0.61,1,400,1
2026-06-04 18:16:26,1,0.61,3,400,1
2026-06-04 18:16:27,1,0.61,12,400,1
2026-06-04 18:16:28,1,0.61,13,451,1
2026-06-04 18:16:29,1,0.61,21,501,1
2026-06-04 18:16:30,1,0.61,27,544,1
2026-06-04 18:16:31,1,0.61,29,542,1
2026-06-04 18:16:32,1,0.61,26,513,1
2026-06-04 18:16:33,1,0.61,29,505,1
2026-06-04 18:16:34,1,0.61,31,548,1
2026-06-04 18:16:35,1,0.61,31,545,1
2026-06-04 18:16:36,1,0.61,31,513,1
2026-06-04 18:16:37,1,0.61,35,512,1
2026-06-04 18:16:38,1,0.61,39,533,1
2026-06-04 18:16:39,1,0.61,38,550,1
2026-06-04 18:16:40,1,0.61,35,521,1
2026-06-04 18:16:41,1,0.61,36,498,1
2026-06-04 18:16:42,1,0.61,30,471,1
2026-06-04 18:16:43,1,0.61,32,443,1
2026-06-04 18:16:44,1,0.61,27,429,1
2026-06-04 18:16:45,1,0.61,20,412,1
2026-06-04 18:16:46,1,0.61,20,403,1
2026-06-04 18:16:47,1,0.61,17,400,1
2026-06-04 18:16:48,1,0.61,18,400,1
2026-06-04 18:16:49,1,0.61,14,400,1
2026-06-04 18:16:50,1,0.61,14,400,1
2026-06-04 18:16:51,1,0.51,9,400,1
2026-06-04 18:16:52,1,0.26,11,400,1
2026-06-04 18:16:53,1,0.26,5,400,1
2026-06-04 18:16:54,1,0.26,12,400,1
2026-06-04 18:16:55,1,7.64,3,400,1
2026-06-04 18:16:56,1,7.64,10,400,1
2026-06-04 18:16:57,1,7.64,8,400,1
2026-06-04 18:16:58,1,7.64,0,400,1
2026-06-04 18:16:59,1,7.64,0,400,1
2026-06-04 18:17:00,1,7.64,0,400,1
2026-06-04 18:17:01,1,7.64,0,400,1
2026-06-04 18:17:02,1,7.64,0,400,1
2026-06-04 18:17:03,1,7.64,0,400,1
2026-06-04 18:17:04,1,7.64,0,400,1
2026-06-04 18:17:05,1,7.64,0,400,1
2026-06-04 18:17:06,1,7.64,1,400,1
2026-06-04 18:17:07,1,7.64,0,400,1
2026-06-04 18:17:08,1,7.64,0,400,1
2026-06-04 18:17:09,1,7.64,0,400,1
2026-06-04 18:17:10,1,7.64,0,400,1
2026-06-04 18:17:11,1,7.64,4,400,1
2026-06-04 18:17:12,1,7.64,0,400,1
2026-06-04 18:17:13,1,7.64,1,400,1
2026-06-04 18:17:14,1,7.64,5,400,1
2026-06-04 18:17:15,1,7.64,0,400,1
2026-06-04 18:17:16,1,7.64,4,400,1
2026-06-04 18:17:17,1,7.64,0,400,1
2026-06-04 18:17:18,1,7.64,2,400,1
2026-06-04 18:17:19,1,7.64,2,400,1
2026-06-04 18:17:20,1,7.64,3,400,1
2026-06-04 18:17:21,1,7.64,3,400,1
2026-06-04 18:17:22,1,7.64,0,400,1
2026-06-04 18:17:23,1,7.64,0,400,1
2026-06-04 18:17:24,1,7.64,0,400,1
2026-06-04 18:17:25,1,7.64,0,400,1
2026-06-04 18:17:26,1,7.64,4,400,1
2026-06-04 18:17:27,1,7.64,0,400,1
2026-06-04 18:17:28,1,7.64,1,400,1
2026-06-04 18:17:29,1,7.64,3,400,1
2026-06-04 18:17:30,1,7.64,1,400,1
2026-06-04 18:17:31,1,7.64,0,400,1
2026-06-04 18:17:32,1,7.64,2,400,1
2026-06-04 18:17:33,1,7.64,4,400,1
2026-06-04 18:17:34,1,7.64,6,400,1
2026-06-04 18:17:35,1,7.64,1,400,1
2026-06-04 18:17:36,1,7.64,8,400,1
2026-06-04 18:17:37,1,7.64,0,400,1
2026-06-04 18:17:38,1,7.64,0,400,1
2026-06-04 18:17:39,1,7.64,3,400,1
2026-06-04 18:17:40,1,7.64,3,400,1
2026-06-04 18:17:41,1,7.64,5,400,1
2026-06-04 18:17:42,1,7.64,0,400,1
2026-06-04 18:17:43,1,7.64,0,400,1
2026-06-04 18:17:44,1,7.64,2,400,1
2026-06-04 18:17:45,1,7.64,5,400,1
2026-06-04 18:17:46,1,7.64,4,400,1
2026-06-04 18:17:47,1,7.64,4,400,1
2026-06-04 18:17:48,1,7.64,4,400,1
2026-06-04 18:17:49,1,7.64,0,400,1
2026-06-04 18:17:50,1,7.64,5,400,1
2026-06-04 18:17:51,1,7.64,10,400,1
2026-06-04 18:17:52,1,7.64,3,400,1
2026-06-04 18:17:53,1,7.64,7,400,1
2026-06-04 18:17:54,1,7.64,7,400,1
2026-06-04 18:17:55,1,7.64,10,400,1
2026-06-04 18:17:56,1,7.64,5,400,1
2026-06-04 18:17:57,1,7.64,7,400,1
2026-06-04 18:17:58,1,7.64,12,400,1
2026-06-04 18:17:59,1,7.64,8,400,1
2026-06-04 18:18:00,1,7.64,17,400,1
2026-06-04 18:18:01,1,7.64,15,400,1
2026-06-04 18:18:02,1,7.64,18,400,1
2026-06-04 18:18:03,1,7.64,16,400,1
2026-06-04 18:18:04,1,7.64,15,400,1
2026-06-04 18:18:05,1,7.64,16,400,1
2026-06-04 18:18:06,1,7.64,16,400,1
2026-06-04 18:18:07,1,7.64,20,400,1
2026-06-04 18:18:08,1,7.64,10,400,1
2026-06-04 18:18:09,1,7.64,12,400,1
2026-06-04 18:18:10,1,7.64,11,400,1
2026-06-04 18:18:11,1,7.64,14,400,1
2026-06-04 18:18:12,1,0.08,16,400,1
2026-06-04 18:18:13,1,0.08,20,400,1
2026-06-04 18:18:14,1,0.08,23,400,1
2026-06-04 18:18:15,1,0.08,19,400,1
2026-06-04 18:18:16,1,0.08,17,400,1
2026-06-04 18:18:17,1,0.08,15,400,1
2026-06-04 18:18:18,1,0.08,18,400,1
2026-06-04 18:18:19,1,0.08,19,400,1
2026-06-04 18:18:20,1,0.08,20,400,1
2026-06-04 18:18:21,1,0.08,19,400,1
2026-06-04 18:18:22,1,0.08,25,400,1
2026-06-04 18:18:23,1,0.08,20,400,1
2026-06-04 18:18:24,1,0.08,21,400,1
2026-06-04 18:18:25,1,0.08,22,400,1
2026-06-04 18:18:26,1,0.08,21,400,1
2026-06-04 18:18:27,1,0.08,18,400,1
2026-06-04 18:18:28,1,0.08,25,400,1
2026-06-04 18:18:29,1,0.08,22,400,1
2026-06-04 18:18:30,1,0.09,24,400,1
2026-06-04 18:18:31,1,0.09,26,400,1
2026-06-04 18:18:32,1,0.09,24,400,1
2026-06-04 18:18:34,1,0.09,27,400,1
2026-06-04 18:18:34,1,0.09,24,400,1
2026-06-04 18:18:35,1,0.09,26,400,1
2026-06-04 18:18:36,1,0.09,26,400,1
2026-06-04 18:18:37,1,0.09,28,400,1
2026-06-04 18:18:38,1,0.09,27,400,1
2026-06-04 18:18:39,1,0.09,29,400,1
2026-06-04 18:18:40,1,0.09,29,400,1
2026-06-04 18:18:41,1,0.09,28,400,1
2026-06-04 18:18:42,1,0.09,28,400,1
2026-06-04 18:18:43,1,0.09,29,400,1
2026-06-04 18:18:44,1,0.09,28,400,1
2026-06-04 18:18:45,1,0.09,33,400,1
2026-06-04 18:18:46,1,0.09,29,400,1
2026-06-04 18:18:47,1,0.09,31,400,1
2026-06-04 18:18:48,1,0.09,36,400,1
2026-06-04 18:18:49,1,0.09,32,400,1
2026-06-04 18:18:50,1,0.09,31,400,1
2026-06-04 18:18:51,1,0.09,34,400,1
2026-06-04 18:18:52,1,0.09,30,400,1
2026-06-04 18:18:53,1,0.09,30,400,1
2026-06-04 18:18:54,1,0.09,30,400,1
2026-06-04 18:18:55,1,0.09,33,401,1
2026-06-04 18:18:56,1,0.09,30,400,1
2026-06-04 18:18:57,1,0.09,31,400,1
2026-06-04 18:18:58,1,0.09,34,400,1
2026-06-04 18:18:59,1,0.09,32,400,1
2026-06-04 18:19:00,1,0.09,30,400,1
2026-06-04 18:19:01,1,0.09,35,400,1
2026-06-04 18:19:02,1,0.09,32,400,1
2026-06-04 18:19:03,1,0.09,33,400,1
2026-06-04 18:19:04,1,0.09,35,400,1
2026-06-04 18:19:05,1,0.09,34,400,1
2026-06-04 18:19:06,1,0.09,37,400,1
2026-06-04 18:19:07,1,0.09,34,400,1
2026-06-04 18:19:08,1,0.09,34,400,1
2026-06-04 18:19:09,1,0.09,38,401,1
2026-06-04 18:19:10,1,0.09,35,400,1
2026-06-04 18:19:11,1,0.09,39,404,1
2026-06-04 18:19:12,1,0.09,34,400,1
2026-06-04 18:19:13,1,0.09,36,400,1
2026-06-04 18:19:14,1,0.09,35,400,1
2026-06-04 18:19:15,1,0.09,37,400,1
2026-06-04 18:19:16,1,0.09,34,400,1
2026-06-04 18:19:17,1,0.09,27,400,1
2026-06-04 18:19:18,1,0.09,35,400,1
2026-06-04 18:19:19,1,0.09,39,400,1
2026-06-04 18:19:20,1,0.09,35,400,1
2026-06-04 18:19:21,1,0.09,40,401,1
2026-06-04 18:19:22,1,0.09,41,401,1
2026-06-04 18:19:23,1,0.09,39,400,1
2026-06-04 18:19:24,1,0.09,39,400,1
2026-06-04 18:19:25,1,0.09,40,400,1
2026-06-04 18:19:26,1,0.09,34,400,1
2026-06-04 18:19:27,1,0.09,37,402,1
2026-06-04 18:19:27,1,0.09,33,400,1
2026-06-04 18:19:29,1,0.09,38,400,1
2026-06-04 18:19:30,1,0.09,36,400,1
2026-06-04 18:19:30,1,0.09,34,400,1
2026-06-04 18:19:32,1,0.09,33,404,1
2026-06-04 18:19:33,1,0.09,40,400,1
2026-06-04 18:19:34,1,0.09,33,400,1
2026-06-04 18:19:35,1,0.09,38,400,1
2026-06-04 18:19:36,1,0.09,29,400,1
2026-06-04 18:19:37,1,0.09,32,400,1
2026-06-04 18:19:38,1,0.09,35,400,1
2026-06-04 18:19:39,1,0.09,38,400,1
2026-06-04 18:19:40,1,0.09,42,400,1
2026-06-04 18:19:41,1,0.09,33,400,1
2026-06-04 18:19:42,1,0.09,33,400,1
2026-06-04 18:19:43,1,0.09,30,400,1
2026-06-04 18:19:44,1,0.62,31,400,1
2026-06-04 18:19:45,1,0.62,30,400,1
2026-06-04 18:19:46,1,0.62,32,400,1
2026-06-04 18:19:47,1,0.62,25,400,1
2026-06-04 18:19:47,1,0.55,28,400,1
2026-06-04 18:19:49,1,0.55,29,400,1
2026-06-04 18:19:50,1,0.55,34,400,1
2026-06-04 18:19:51,1,0.55,34,400,1
2026-06-04 18:19:52,1,0.55,29,400,1
2026-06-04 18:19:53,1,0.55,29,400,1
2026-06-04 18:19:54,1,0.55,33,400,1
2026-06-04 18:19:54,1,0.55,31,400,1
2026-06-04 18:19:56,1,0.55,29,400,1
2026-06-04 18:19:56,1,0.55,28,400,1
2026-06-04 18:19:57,1,0.55,36,400,1
2026-06-04 18:19:59,1,0.55,40,400,1
2026-06-04 18:19:59,1,0.55,33,400,1
2026-06-04 18:20:00,1,0.55,34,400,1
2026-06-04 18:20:01,1,0.55,30,400,1
2026-06-04 18:20:02,1,0.55,36,402,1
2026-06-04 18:20:03,1,0.55,37,400,1
2026-06-04 18:20:04,1,0.55,32,400,1
2026-06-04 18:20:05,1,0.55,35,400,1
2026-06-04 18:20:06,1,0.55,38,407,1
2026-06-04 18:20:07,1,0.55,37,402,1
2026-06-04 18:20:08,1,0.55,33,400,1
2026-06-04 18:20:09,1,0.55,38,400,1
2026-06-04 18:20:10,1,0.55,29,400,1
2026-06-04 18:20:11,1,0.55,35,406,1
2026-06-04 18:20:12,1,0.55,33,400,1
2026-06-04 18:20:13,1,0.55,38,400,1
2026-06-04 18:20:14,1,0.55,32,402,1
2026-06-04 18:20:15,1,0.55,31,402,1
2026-06-04 18:20:16,1,0.55,38,404,1
2026-06-04 18:20:17,1,0.55,39,401,1
2026-06-04 18:20:18,1,0.55,38,409,1
2026-06-04 18:20:19,1,0.55,38,409,1
2026-06-04 18:20:20,1,0.55,35,403,1
2026-06-04 18:20:22,1,0.55,36,400,1
2026-06-04 18:20:22,1,0.55,33,401,1
2026-06-04 18:20:23,1,0.55,37,408,1
2026-06-04 18:20:24,1,0.55,35,401,1
2026-06-04 18:20:25,1,0.55,30,400,1
2026-06-04 18:20:26,1,0.55,37,400,1
2026-06-04 18:20:27,1,0.55,33,400,1
2026-06-04 18:20:28,1,0.55,34,400,1
2026-06-04 18:20:29,1,0.55,39,400,1
2026-06-04 18:20:30,1,0.55,30,400,1
2026-06-04 18:20:31,1,0.55,30,400,1
2026-06-04 18:20:32,1,0.55,34,400,1
2026-06-04 18:20:33,1,0.15,22,400,1
2026-06-04 18:20:34,1,0.15,28,400,1
2026-06-04 18:20:35,1,0.15,33,400,1
2026-06-04 18:20:36,1,0.15,34,422,1
2026-06-04 18:20:37,1,0.15,40,449,1
2026-06-04 18:20:38,1,0.15,39,444,1
2026-06-04 18:20:39,1,0.15,41,433,1
2026-06-04 18:20:40,1,0.15,28,411,1
2026-06-04 18:20:42,1,0.15,28,409,1
2026-06-04 18:20:42,1,0.15,36,401,1
2026-06-04 18:20:43,1,0.15,35,400,1
2026-06-04 18:20:44,1,0.15,34,400,1
2026-06-04 18:20:45,1,0.60,34,400,1
2026-06-04 18:20:46,1,0.76,35,400,1
2026-06-04 18:20:47,1,0.71,31,400,1
2026-06-04 18:20:48,1,0.61,30,400,1
2026-06-04 18:20:49,1,0.61,31,400,1
2026-06-04 18:20:50,1,0.61,34,400,1
2026-06-04 18:20:51,1,0.61,27,400,1
2026-06-04 18:20:52,1,0.61,34,400,1
2026-06-04 18:20:53,1,0.61,31,400,1
2026-06-04 18:20:54,1,0.61,29,400,1
2026-06-04 18:20:55,1,0.61,31,400,1
2026-06-04 18:20:56,1,0.61,26,400,1
2026-06-04 18:20:57,1,0.61,27,400,1
2026-06-04 18:20:58,1,0.61,33,400,1
2026-06-04 18:20:59,1,0.61,32,400,1
2026-06-04 18:21:00,1,0.61,28,400,1
2026-06-04 18:21:01,1,0.61,29,400,1
2026-06-04 18:21:02,1,0.61,27,400,1
2026-06-04 18:21:03,1,1.05,29,400,1
2026-06-04 18:21:04,1,1.05,28,400,1
2026-06-04 18:21:06,1,1.05,30,400,1
2026-06-04 18:21:06,1,1.05,27,400,1
2026-06-04 18:21:07,1,1.05,27,400,1
2026-06-04 18:21:08,1,1.05,27,400,1
2026-06-04 18:21:10,1,1.05,30,400,1
2026-06-04 18:21:10,1,1.05,28,400,1
2026-06-04 18:21:11,1,1.05,24,400,1
2026-06-04 18:21:12,1,1.05,29,400,1
2026-06-04 18:21:13,1,1.05,30,400,1
2026-06-04 18:21:14,1,1.05,31,400,1
2026-06-04 18:21:15,1,1.05,28,400,1
2026-06-04 18:21:16,1,1.05,29,400,1
2026-06-04 18:21:17,1,1.05,25,400,1
2026-06-04 18:21:18,1,1.05,25,400,1
2026-06-04 18:21:19,1,1.05,30,400,1
2026-06-04 18:21:20,1,1.05,29,400,1
2026-06-04 18:21:21,1,1.05,25,400,1
2026-06-04 18:21:22,1,1.05,30,400,1
2026-06-04 18:21:23,1,1.05,23,400,1
2026-06-04 18:21:24,1,1.05,28,400,1
2026-06-04 18:21:25,1,1.05,17,400,1
2026-06-04 18:21:26,1,1.05,24,400,1
2026-06-04 18:21:27,1,1.05,24,400,1
2026-06-04 18:21:28,1,1.05,22,400,1
2026-06-04 18:21:29,1,1.05,24,400,1
2026-06-04 18:21:30,1,1.05,31,400,1
2026-06-04 18:21:31,1,1.05,27,400,1
2026-06-04 18:21:32,1,1.05,25,400,1
2026-06-04 18:21:33,1,1.05,23,400,1
2026-06-04 18:21:34,1,1.05,23,400,1
2026-06-04 18:21:35,1,1.05,26,400,1
2026-06-04 18:21:36,1,1.05,21,400,1
2026-06-04 18:21:37,1,1.05,24,400,1
2026-06-04 18:21:38,1,1.05,26,400,1
2026-06-04 18:21:39,1,1.05,24,400,1
2026-06-04 18:21:40,1,1.05,18,400,1
2026-06-04 18:21:41,1,1.05,25,400,1
2026-06-04 18:21:42,1,1.05,24,400,1
2026-06-04 18:21:43,1,1.05,16,400,1
2026-06-04 18:21:44,1,1.05,22,400,1
2026-06-04 18:21:45,1,1.05,25,400,1
2026-06-04 18:21:46,1,1.05,20,400,1
2026-06-04 18:21:48,1,1.05,26,400,1
2026-06-04 18:21:48,1,1.05,18,400,1
2026-06-04 18:21:49,1,1.05,25,400,1
2026-06-04 18:21:50,1,1.05,22,400,1
2026-06-04 18:21:51,1,1.05,17,400,1
2026-06-04 18:21:52,1,1.05,26,400,1
2026-06-04 18:21:53,1,1.05,18,400,1
2026-06-04 18:21:54,1,1.05,17,400,1
2026-06-04 18:21:55,1,1.05,23,400,1
2026-06-04 18:21:56,1,1.05,26,400,1
2026-06-04 18:21:57,1,1.05,21,400,1
2026-06-04 18:21:58,1,1.05,22,400,1
2026-06-04 18:21:59,1,1.05,23,400,1
2026-06-04 18:22:00,1,1.05,20,400,1
2026-06-04 18:22:01,1,1.05,19,400,1
2026-06-04 18:22:02,1,1.05,21,400,1
2026-06-04 18:22:03,1,1.05,17,400,1
2026-06-04 18:22:04,1,1.05,25,400,1
2026-06-04 18:22:05,1,1.05,15,400,1
2026-06-04 18:22:06,1,1.05,17,400,1
2026-06-04 18:22:07,1,1.05,18,400,1
2026-06-04 18:22:08,1,1.05,18,400,1
2026-06-04 18:22:09,1,1.05,17,400,1
2026-06-04 18:22:10,1,1.05,18,400,1
2026-06-04 18:22:11,1,1.05,16,400,1
2026-06-04 18:22:12,1,1.05,10,400,1
2026-06-04 18:22:13,1,1.05,11,400,1
2026-06-04 18:22:14,1,1.05,9,400,1
2026-06-04 18:22:15,1,1.05,8,400,1
2026-06-04 18:22:16,1,0.61,12,400,1
2026-06-04 18:22:17,1,0.61,8,400,1
2026-06-04 18:22:18,1,0.61,11,400,1
2026-06-04 18:22:19,1,0.61,14,400,1
2026-06-04 18:22:20,1,0.61,11,400,1
2026-06-04 18:22:21,1,0.61,17,400,1
2026-06-04 18:22:22,1,0.61,15,400,1
2026-06-04 18:22:23,1,0.61,19,400,1
2026-06-04 18:22:24,1,0.61,13,400,1
2026-06-04 18:22:25,1,0.61,16,400,1
2026-06-04 18:22:26,1,0.61,6,400,1
2026-06-04 18:22:27,1,0.61,12,400,1
2026-06-04 18:22:28,1,0.61,19,400,1
2026-06-04 18:22:29,1,0.43,15,400,1
2026-06-04 18:22:30,1,0.69,13,400,1
2026-06-04 18:22:31,1,0.70,11,400,1
2026-06-04 18:22:32,1,0.64,16,400,1
2026-06-04 18:22:33,1,0.74,18,400,1
2026-06-04 18:22:34,1,2.46,15,400,1
2026-06-04 18:22:35,1,4.18,8,400,1
2026-06-04 18:22:36,1,4.86,20,400,1
2026-06-04 18:22:37,1,8.51,16,400,1
2026-06-04 18:22:38,1,8.51,16,400,1
2026-06-04 18:22:39,1,7.14,18,400,1
2026-06-04 18:22:40,1,5.20,18,400,1
2026-06-04 18:22:41,1,4.33,19,400,1
2026-06-04 18:22:42,1,3.34,16,400,1
2026-06-04 18:22:43,1,3.34,19,400,1
2026-06-04 18:22:44,1,3.34,20,400,1
2026-06-04 18:22:45,1,3.34,19,400,1
2026-06-04 18:22:46,1,3.34,19,400,1
2026-06-04 18:22:47,1,3.34,22,400,1
2026-06-04 18:22:48,1,3.34,14,400,1
2026-06-04 18:22:49,1,3.34,19,400,1
2026-06-04 18:22:50,1,3.34,22,400,1
2026-06-04 18:22:51,1,3.34,13,400,1
2026-06-04 18:22:52,1,3.34,20,400,1
2026-06-04 18:22:53,1,3.34,14,400,1
2026-06-04 18:22:54,1,3.34,18,400,1
2026-06-04 18:22:55,1,3.34,22,400,1
2026-06-04 18:22:56,1,3.34,15,400,1
2026-06-04 18:22:57,1,3.34,21,400,1
2026-06-04 18:22:58,1,3.34,19,400,1
2026-06-04 18:22:59,1,3.34,21,400,1
2026-06-04 18:23:00,1,3.34,20,400,1
2026-06-04 18:23:01,1,3.34,16,400,1
2026-06-04 18:23:02,1,3.34,18,400,1
2026-06-04 18:23:03,1,3.34,25,400,1
2026-06-04 18:23:04,1,3.34,21,400,1
2026-06-04 18:23:05,1,3.34,23,400,1
2026-06-04 18:23:06,1,3.34,17,400,1
2026-06-04 18:23:07,1,3.34,16,400,1
2026-06-04 18:23:08,1,3.34,17,400,1
2026-06-04 18:23:09,1,3.34,17,400,1
2026-06-04 18:23:10,1,3.34,22,400,1
2026-06-04 18:23:11,1,3.34,23,400,1
2026-06-04 18:23:12,1,3.34,21,400,1
2026-06-04 18:23:13,1,3.34,18,400,1
2026-06-04 18:23:14,1,3.34,19,400,1
2026-06-04 18:23:15,1,3.34,21,400,1
2026-06-04 18:23:16,1,3.34,25,400,1
2026-06-04 18:23:17,1,3.34,24,400,1
2026-06-04 18:23:18,1,3.34,25,400,1
2026-06-04 18:23:19,1,3.34,27,400,1
2026-06-04 18:23:20,1,3.34,20,400,1
2026-06-04 18:23:21,1,6.44,19,400,1
2026-06-04 18:23:22,1,7.63,24,400,1
2026-06-04 18:23:23,1,6.58,16,400,1
2026-06-04 18:23:24,1,6.65,18,400,1
2026-06-04 18:23:25,1,5.67,23,400,1
2026-06-04 18:23:26,1,5.46,24,400,1
2026-06-04 18:23:27,1,6.45,17,400,1
2026-06-04 18:23:28,1,6.45,20,400,1
2026-06-04 18:23:29,1,6.45,25,400,1
2026-06-04 18:23:30,1,6.45,26,409,1
2026-06-04 18:23:31,1,6.45,25,400,1
2026-06-04 18:23:32,1,2.67,21,400,1
2026-06-04 18:23:33,1,6.25,21,400,1
2026-06-04 18:23:34,1,4.38,23,400,1
2026-06-04 18:23:35,1,4.99,23,401,1
2026-06-04 18:23:36,1,5.64,21,400,1
2026-06-04 18:23:37,1,7.11,22,400,1
2026-06-04 18:23:38,1,5.11,18,400,1
2026-06-04 18:23:39,1,5.88,23,400,1
2026-06-04 18:23:40,1,4.88,23,400,1
2026-06-04 18:23:41,1,3.32,18,400,1
2026-06-04 18:23:42,1,2.53,27,400,1
2026-06-04 18:23:43,1,3.26,19,400,1
2026-06-04 18:23:44,1,3.21,18,400,1
2026-06-04 18:23:45,1,5.14,26,400,1
2026-06-04 18:23:46,1,4.42,26,400,1
2026-06-04 18:23:47,1,4.15,27,400,1
2026-06-04 18:23:48,1,3.57,22,400,1
2026-06-04 18:23:49,1,4.21,18,400,1
2026-06-04 18:23:50,1,6.10,25,400,1
2026-06-04 18:23:51,1,6.22,19,400,1
2026-06-04 18:23:52,1,6.60,21,400,1
2026-06-04 18:23:53,1,7.01,23,400,1
2026-06-04 18:23:54,1,4.13,25,400,1
2026-06-04 18:23:55,1,6.28,22,400,1
2026-06-04 18:23:56,1,7.03,17,400,1
2026-06-04 18:23:57,1,6.14,25,400,1
2026-06-04 18:23:58,1,5.64,29,400,1
2026-06-04 18:23:59,1,5.99,21,400,1
2026-06-04 18:24:00,1,4.49,24,401,1
2026-06-04 18:24:01,1,4.51,29,400,1
2026-06-04 18:24:02,1,6.93,19,400,1
2026-06-04 18:24:03,1,3.62,26,400,1
2026-06-04 18:24:04,1,4.94,21,400,1
2026-06-04 18:24:05,1,1.38,25,400,1
2026-06-04 18:24:06,1,1.91,27,400,1
2026-06-04 18:24:07,1,2.37,20,400,1
2026-06-04 18:24:08,1,3.44,24,400,1
2026-06-04 18:24:09,1,2.45,28,400,1
2026-06-04 18:24:10,1,2.42,23,400,1
2026-06-04 18:24:11,1,2.67,22,400,1
2026-06-04 18:24:12,1,4.34,16,400,1
2026-06-04 18:24:13,1,6.86,15,400,1
2026-06-04 18:24:14,1,5.52,21,400,1
2026-06-04 18:24:15,1,6.07,17,400,1
2026-06-04 18:24:16,1,6.29,15,400,1
2026-06-04 18:24:17,1,5.09,13,400,1
2026-06-04 18:24:18,1,6.42,13,400,1
2026-06-04 18:24:19,1,4.93,6,400,1
2026-06-04 18:24:20,1,3.66,10,400,1
2026-06-04 18:24:21,1,4.18,8,400,1
2026-06-04 18:24:22,1,4.22,10,400,1
2026-06-04 18:24:23,1,2.16,14,400,1
2026-06-04 18:24:24,1,2.71,13,400,1
2026-06-04 18:24:25,1,3.60,13,400,1
2026-06-04 18:24:26,1,3.38,13,400,1
2026-06-04 18:24:27,1,4.87,9,400,1
2026-06-04 18:24:28,1,5.31,12,400,1
2026-06-04 18:24:29,1,5.98,13,400,1
2026-06-04 18:24:30,1,6.25,10,400,1
2026-06-04 18:24:31,1,6.25,15,400,1
2026-06-04 18:24:32,1,6.25,12,400,1
2026-06-04 18:24:33,1,5.08,8,400,1
2026-06-04 18:24:34,1,2.97,13,400,1
2026-06-04 18:24:35,1,3.92,10,400,1
2026-06-04 18:24:36,1,4.32,10,400,1
2026-06-04 18:24:37,1,1.28,8,400,1
2026-06-04 18:24:38,1,1.79,13,400,1
2026-06-04 18:24:39,1,2.49,7,400,1
2026-06-04 18:24:40,1,4.13,7,400,1
2026-06-04 18:24:41,1,4.47,9,400,1
2026-06-04 18:24:42,1,4.91,11,400,1
2026-06-04 18:24:43,1,5.70,8,400,1
2026-06-04 18:24:44,1,6.54,11,400,1
2026-06-04 18:24:45,1,7.66,8,400,1
2026-06-04 18:24:46,1,7.00,5,400,1
2026-06-04 18:24:47,1,7.00,6,400,1
2026-06-04 18:24:48,1,7.84,6,400,1
2026-06-04 18:24:49,1,2.12,7,400,1
2026-06-04 18:24:50,1,2.90,1,400,1
2026-06-04 18:24:51,1,3.93,3,400,1
2026-06-04 18:24:52,1,2.57,4,400,1
2026-06-04 18:24:53,1,1.51,1,400,1
2026-06-04 18:24:54,1,2.42,5,400,1
2026-06-04 18:24:55,1,2.56,3,400,1
2026-06-04 18:24:56,1,4.92,0,400,1
2026-06-04 18:24:57,1,5.89,0,400,1
2026-06-04 18:24:58,1,6.93,0,400,1
2026-06-04 18:24:59,1,6.93,0,400,1
2026-06-04 18:25:00,1,7.50,0,400,1
2026-06-04 18:25:01,1,6.71,0,400,1
2026-06-04 18:25:02,1,6.27,0,400,1
2026-06-04 18:25:03,1,3.16,0,400,1
2026-06-04 18:25:04,1,1.67,0,400,1
2026-06-04 18:25:05,1,1.35,0,400,1
2026-06-04 18:25:06,1,1.33,0,400,1
2026-06-04 18:25:07,1,4.21,0,400,1
2026-06-04 18:25:08,1,4.46,0,400,1
2026-06-04 18:25:09,1,4.55,0,400,1
2026-06-04 18:25:10,1,5.16,0,400,1
2026-06-04 18:25:11,1,6.31,0,400,1
2026-06-04 18:25:12,1,6.30,0,400,1
2026-06-04 18:25:13,1,4.82,0,400,1
2026-06-04 18:25:14,1,5.45,0,400,1
2026-06-04 18:25:15,1,6.44,0,400,1
2026-06-04 18:25:16,1,6.21,0,400,1
2026-06-04 18:25:17,1,5.14,0,400,1
2026-06-04 18:25:18,1,2.82,0,400,1
2026-06-04 18:25:19,1,1.66,0,400,1
2026-06-04 18:25:20,1,2.69,2,400,1
2026-06-04 18:25:21,1,2.22,4,400,1
2026-06-04 18:25:22,1,4.22,4,400,1
2026-06-04 18:25:23,1,5.98,3,400,1
2026-06-04 18:25:24,1,6.13,2,400,1
2026-06-04 18:25:25,1,6.50,0,400,1
2026-06-04 18:25:26,1,6.45,6,400,1
2026-06-04 18:25:27,1,8.40,0,400,1
2026-06-04 18:25:28,1,6.91,2,400,1
2026-06-04 18:25:29,1,5.62,0,400,1
2026-06-04 18:25:30,1,4.30,0,400,1
2026-06-04 18:25:31,1,3.21,0,400,1
2026-06-04 18:25:32,1,1.30,0,400,1
2026-06-04 18:25:33,1,2.87,0,400,1
2026-06-04 18:25:34,1,2.99,0,400,1
2026-06-04 18:25:35,1,5.23,0,400,1
2026-06-04 18:25:36,1,6.89,0,400,1
2026-06-04 18:25:37,1,5.60,0,400,1
2026-06-04 18:25:38,1,5.37,0,400,1
2026-06-04 18:25:39,1,5.28,0,400,1
2026-06-04 18:25:40,1,4.49,0,400,1
2026-06-04 18:25:41,1,5.50,0,400,1
2026-06-04 18:25:42,1,2.46,1,400,1
2026-06-04 18:25:43,1,2.81,0,400,1
2026-06-04 18:25:44,1,1.84,0,400,1
2026-06-04 18:25:45,1,3.28,0,400,1
2026-06-04 18:25:46,1,6.17,0,400,1
2026-06-04 18:25:47,1,4.73,0,400,1
2026-06-04 18:25:48,1,5.73,0,400,1
2026-06-04 18:25:49,1,7.00,0,400,1
2026-06-04 18:25:50,1,7.70,0,400,1
2026-06-04 18:25:51,1,7.70,0,400,1
2026-06-04 18:25:52,1,7.70,0,400,1
2026-06-04 18:25:53,1,7.70,0,400,1
2026-06-04 18:25:54,1,7.70,0,400,1
2026-06-04 18:25:55,1,7.70,0,400,1
2026-06-04 18:25:56,1,7.70,0,400,1
2026-06-04 18:25:57,1,3.79,0,400,1
2026-06-04 18:25:58,1,3.39,0,400,1
2026-06-04 18:25:59,1,3.42,0,400,1
2026-06-04 18:26:00,1,4.80,0,400,1
2026-06-04 18:26:01,1,5.48,0,400,1
2026-06-04 18:26:02,1,6.13,0,400,1
2026-06-04 18:26:03,1,6.13,0,400,1
2026-06-04 18:26:04,1,7.68,0,400,1
2026-06-04 18:26:05,1,6.93,0,400,1
2026-06-04 18:26:06,1,7.79,0,400,1
2026-06-04 18:26:07,1,6.45,0,400,1
2026-06-04 18:26:08,1,6.71,0,400,1
2026-06-04 18:26:09,1,6.50,0,400,1
2026-06-04 18:26:10,1,2.21,5,400,1
2026-06-04 18:26:11,1,1.47,1,400,1
2026-06-04 18:26:12,1,0.68,6,400,1
2026-06-04 18:26:13,1,0.62,2,400,1
2026-06-04 18:26:14,1,0.67,5,400,1
2026-06-04 18:26:15,1,0.65,3,400,1
2026-06-04 18:26:16,1,0.65,5,400,1
2026-06-04 18:26:17,1,0.65,0,400,1
2026-06-04 18:26:18,1,0.65,1,400,1
2026-06-04 18:26:19,1,0.65,2,400,1
2026-06-04 18:26:20,1,0.65,0,400,1
2026-06-04 18:26:21,1,0.65,3,400,1
2026-06-04 18:26:22,1,0.65,0,400,1
2026-06-04 18:26:23,1,0.65,1,400,1
2026-06-04 18:26:24,1,0.65,1,400,1
2026-06-04 18:26:25,1,0.65,3,400,1
2026-06-04 18:26:26,1,0.65,7,400,1
2026-06-04 18:26:27,1,0.65,3,400,1
2026-06-04 18:26:28,1,0.65,3,400,1
2026-06-04 18:26:29,1,0.65,4,400,1
2026-06-04 18:26:30,1,0.65,2,400,1
2026-06-04 18:26:31,1,0.65,7,400,1
2026-06-04 18:26:32,1,0.65,7,400,1
2026-06-04 18:26:33,1,0.65,4,400,1
2026-06-04 18:26:34,1,0.65,7,400,1
2026-06-04 18:26:35,1,0.65,10,400,1
2026-06-04 18:26:36,1,0.65,12,400,1
2026-06-04 18:26:37,1,0.65,14,400,1
2026-06-04 18:26:38,1,0.69,11,400,1
2026-06-04 18:26:39,1,0.70,8,400,1
2026-06-04 18:26:40,1,0.70,19,400,1
2026-06-04 18:26:41,1,0.61,11,400,1
2026-06-04 18:26:42,1,0.50,12,400,1
2026-06-04 18:26:43,1,0.50,9,400,1
2026-06-04 18:26:44,1,0.50,5,400,1
2026-06-04 18:26:45,1,0.50,19,400,1
2026-06-04 18:26:46,1,0.54,8,400,1
2026-06-04 18:26:47,1,0.50,13,400,1
2026-06-04 18:26:48,1,0.49,9,400,1
2026-06-04 18:26:49,1,0.49,2,400,1
2026-06-04 18:26:50,1,0.54,0,400,1
2026-06-04 18:26:51,1,0.66,0,400,1
2026-06-04 18:26:52,1,0.71,2,400,1
2026-06-04 18:26:53,1,0.71,2,400,1
2026-06-04 18:26:54,1,0.72,0,400,1
2026-06-04 18:26:55,1,0.72,1,400,1
2026-06-04 18:26:56,1,0.72,0,400,1
2026-06-04 18:26:57,1,0.74,0,400,1
2026-06-04 18:26:58,1,0.74,0,400,1
2026-06-04 18:26:59,1,0.74,0,400,1
2026-06-04 18:27:00,1,0.74,0,400,1
2026-06-04 18:27:01,1,0.74,0,400,1
2026-06-04 18:27:02,1,0.74,0,400,1
2026-06-04 18:27:03,1,0.74,3,400,1
2026-06-04 18:27:04,1,0.74,0,400,1
2026-06-04 18:27:05,1,0.74,3,400,1
2026-06-04 18:27:06,1,0.74,2,400,1
2026-06-04 18:27:07,1,0.74,8,400,1
2026-06-04 18:27:08,1,0.74,7,400,1
2026-06-04 18:27:09,1,0.74,5,400,1
2026-06-04 18:27:10,1,0.74,4,400,1
2026-06-04 18:27:11,1,0.73,8,400,1
2026-06-04 18:27:12,1,0.73,7,400,1
2026-06-04 18:27:13,1,0.73,5,400,1
2026-06-04 18:27:14,1,0.69,5,400,1
2026-06-04 18:27:15,1,0.69,5,400,1
2026-06-04 18:27:16,1,0.66,0,400,1
2026-06-04 18:27:17,1,0.66,3,400,1
2026-06-04 18:27:18,1,0.61,6,400,1
2026-06-04 18:27:19,1,0.60,5,400,1
2026-06-04 18:27:20,1,0.60,3,400,1
2026-06-04 18:27:21,1,0.60,9,400,1
2026-06-04 18:27:22,1,0.60,9,400,1
2026-06-04 18:27:23,1,0.60,7,400,1
2026-06-04 18:27:24,1,0.60,12,400,1
2026-06-04 18:27:25,1,0.60,5,400,1
2026-06-04 18:27:26,1,0.60,10,400,1
2026-06-04 18:27:27,1,0.60,18,400,1
2026-06-04 18:27:28,1,0.60,10,400,1
2026-06-04 18:27:29,1,0.60,17,400,1
2026-06-04 18:27:30,1,1.05,16,400,1
2026-06-04 18:27:31,1,1.05,9,400,1
2026-06-04 18:27:32,1,1.05,13,400,1
2026-06-04 18:27:33,1,1.05,8,400,1
2026-06-04 18:27:34,1,1.05,11,400,1
2026-06-04 18:27:35,1,6.23,6,400,1
2026-06-04 18:27:36,1,6.23,12,400,1
2026-06-04 18:27:37,1,6.23,12,400,1
2026-06-04 18:27:38,1,6.23,13,400,1
2026-06-04 18:27:39,1,6.23,12,400,1
2026-06-04 18:27:40,1,6.23,16,400,1
2026-06-04 18:27:41,1,1.05,22,400,1
2026-06-04 18:27:42,1,1.05,21,400,1
2026-06-04 18:27:43,1,1.05,13,400,1
2026-06-04 18:27:44,1,1.05,13,400,1
2026-06-04 18:27:45,1,1.05,15,400,1
2026-06-04 18:27:46,1,1.05,14,400,1
2026-06-04 18:27:47,1,1.05,12,400,1
2026-06-04 18:27:48,1,1.05,18,400,1
2026-06-04 18:27:49,1,1.05,17,400,1
2026-06-04 18:27:50,1,1.05,9,400,1
2026-06-04 18:27:51,1,1.05,20,400,1
2026-06-04 18:27:52,1,1.05,9,400,1
2026-06-04 18:27:53,1,1.05,15,400,1
2026-06-04 18:27:54,1,0.53,18,400,1
2026-06-04 18:27:55,1,0.62,25,400,1
2026-06-04 18:27:56,1,0.62,23,400,1
2026-06-04 18:27:57,1,0.62,12,400,1
2026-06-04 18:27:58,1,1.05,17,400,1
2026-06-04 18:27:59,1,0.84,14,400,1
2026-06-04 18:28:00,1,0.68,14,400,1
2026-06-04 18:28:01,1,0.63,10,400,1
2026-06-04 18:28:02,1,0.60,9,400,1
2026-06-04 18:28:03,1,0.60,10,400,1
2026-06-04 18:28:04,1,0.60,7,400,1
2026-06-04 18:28:05,1,0.60,6,400,1
2026-06-04 18:28:06,1,0.60,3,400,1
2026-06-04 18:28:07,1,0.48,9,400,1
2026-06-04 18:28:08,1,0.49,7,400,1
2026-06-04 18:28:09,1,0.57,7,400,1
2026-06-04 18:28:10,1,0.60,10,400,1
2026-06-04 18:28:11,1,0.35,9,400,1
2026-06-04 18:28:12,1,0.35,12,400,1
2026-06-04 18:28:13,1,0.47,4,400,1
2026-06-04 18:28:14,1,0.47,14,400,1
2026-06-04 18:28:15,1,0.47,12,400,1
2026-06-04 18:28:16,1,0.72,22,400,1
2026-06-04 18:28:17,1,0.63,17,400,1
2026-06-04 18:28:18,1,0.63,14,400,1
2026-06-04 18:28:19,1,0.77,23,400,1
2026-06-04 18:28:20,1,0.77,17,400,1
2026-06-04 18:28:21,1,0.77,16,400,1
2026-06-04 18:28:22,1,0.73,14,400,1
2026-06-04 18:28:23,1,0.73,9,400,1
2026-06-04 18:28:24,1,0.69,7,400,1
2026-06-04 18:28:25,1,0.69,6,400,1
2026-06-04 18:28:26,1,0.69,12,400,1
2026-06-04 18:28:27,1,1.05,4,400,1
2026-06-04 18:28:28,1,0.85,9,400,1
2026-06-04 18:28:29,1,0.76,9,400,1
2026-06-04 18:28:30,1,0.83,5,400,1
2026-06-04 18:28:31,1,0.83,4,400,1
2026-06-04 18:28:32,1,0.69,0,400,1
2026-06-04 18:28:33,1,0.57,0,400,1
2026-06-04 18:28:34,1,0.57,4,400,1
2026-06-04 18:28:35,1,0.56,6,400,1
2026-06-04 18:28:36,1,0.56,0,400,1
2026-06-04 18:28:37,1,0.56,0,400,1
2026-06-04 18:28:38,1,0.50,0,400,1
2026-06-04 18:28:39,1,0.48,0,400,1
2026-06-04 18:28:40,1,0.57,0,400,1
2026-06-04 18:28:41,1,0.70,0,400,1
2026-06-04 18:28:42,1,0.69,0,400,1
2026-06-04 18:28:43,1,0.72,0,400,1
2026-06-04 18:28:44,1,0.72,0,400,1
2026-06-04 18:28:45,1,0.71,0,400,1
2026-06-04 18:28:46,1,0.71,0,400,1
2026-06-04 18:28:47,1,0.71,0,400,1
2026-06-04 18:28:48,1,0.71,0,400,1
2026-06-04 18:28:49,1,0.71,0,400,1
2026-06-04 18:28:50,1,0.71,0,400,1
2026-06-04 18:28:51,1,0.69,0,400,1
2026-06-04 18:28:52,1,0.69,0,400,1
2026-06-04 18:28:53,1,0.69,0,414,1
2026-06-04 18:28:54,1,0.69,0,412,1
2026-06-04 18:28:55,1,0.69,2,404,1
2026-06-04 18:28:56,1,0.66,6,400,1
2026-06-04 18:28:57,1,0.62,0,400,1
2026-06-04 18:28:58,1,0.60,1,400,1
2026-06-04 18:28:59,1,0.57,0,400,1
2026-06-04 18:29:00,1,0.57,0,400,1
2026-06-04 18:29:01,1,0.57,0,400,1
2026-06-04 18:29:02,1,0.57,0,400,1
2026-06-04 18:29:03,1,0.57,0,400,1
2026-06-04 18:29:04,1,0.57,0,400,1
2026-06-04 18:29:05,1,0.57,0,400,1
2026-06-04 18:29:06,1,0.57,0,400,1
2026-06-04 18:29:07,1,0.57,0,400,1
2026-06-04 18:29:08,1,0.57,0,400,1
2026-06-04 18:29:09,1,0.57,0,400,1
2026-06-04 18:29:10,1,0.57,0,400,1
2026-06-04 18:29:11,1,0.57,0,400,1
2026-06-04 18:29:12,1,0.57,0,400,1
2026-06-04 18:29:13,1,0.57,0,400,1
2026-06-04 18:29:14,1,0.57,3,400,1
2026-06-04 18:29:15,1,0.70,6,400,1
2026-06-04 18:29:16,1,0.70,10,400,1
2026-06-04 18:29:17,1,0.70,9,400,1
2026-06-04 18:29:18,1,0.64,0,400,1
2026-06-04 18:29:19,1,0.64,3,400,1
2026-06-04 18:29:20,1,0.57,1,400,1
2026-06-04 18:29:21,1,0.57,1,400,1
2026-06-04 18:29:22,1,0.56,4,400,1
2026-06-04 18:29:23,1,0.56,7,400,1
2026-06-04 18:29:24,1,0.55,0,400,1
2026-06-04 18:29:25,1,0.55,5,400,1
2026-06-04 18:29:26,1,0.55,2,400,1
2026-06-04 18:29:27,1,0.55,0,400,1
2026-06-04 18:29:28,1,0.55,0,400,1
2026-06-04 18:29:29,1,0.55,9,400,1
2026-06-04 18:29:30,1,0.55,7,400,1
2026-06-04 18:29:31,1,0.55,9,400,1
2026-06-04 18:29:32,1,0.52,0,400,1
2026-06-04 18:29:33,1,0.52,1,400,1
2026-06-04 18:29:34,1,0.55,0,400,1
2026-06-04 18:29:35,1,0.55,1,400,1
2026-06-04 18:29:36,1,0.55,1,400,1
2026-06-04 18:29:37,1,0.55,3,400,1
2026-06-04 18:29:38,1,0.55,0,400,1
2026-06-04 18:29:39,1,0.55,0,400,1
2026-06-04 18:29:40,1,0.55,0,400,1
2026-06-04 18:29:42,1,0.55,1,400,1
2026-06-04 18:29:42,1,0.64,0,400,1
2026-06-04 18:29:43,1,0.66,0,400,1
2026-06-04 18:29:44,1,0.66,0,400,1
2026-06-04 18:29:45,1,0.66,0,400,1
2026-06-04 18:29:46,1,0.67,2,400,1
2026-06-04 18:29:47,1,0.67,3,400,1
2026-06-04 18:29:48,1,0.67,10,400,1
2026-06-04 18:29:49,1,0.67,5,400,1
2026-06-04 18:29:50,1,0.67,8,400,1
2026-06-04 18:29:51,1,0.67,12,400,1
2026-06-04 18:29:52,1,0.67,10,400,1
2026-06-04 18:29:53,1,0.67,12,400,1
2026-06-04 18:29:54,1,0.67,12,400,1
2026-06-04 18:29:55,1,0.67,14,400,1
2026-06-04 18:29:56,1,0.67,12,400,1
2026-06-04 18:29:57,1,0.67,16,400,1
2026-06-04 18:29:58,1,0.67,21,400,1
2026-06-04 18:29:59,1,0.67,20,400,1
2026-06-04 18:30:00,1,0.67,19,400,1
2026-06-04 18:30:01,1,0.67,23,400,1
2026-06-04 18:30:02,1,0.67,32,400,1
2026-06-04 18:30:03,1,0.67,26,400,1
2026-06-04 18:30:04,1,0.67,31,400,1
2026-06-04 18:30:05,1,0.67,25,400,1
2026-06-04 18:30:06,1,0.67,30,400,1
2026-06-04 18:30:07,1,0.67,28,400,1
2026-06-04 18:30:08,1,0.67,36,400,1
2026-06-04 18:30:09,1,0.67,33,400,1
2026-06-04 18:30:10,1,0.51,36,400,1
2026-06-04 18:30:11,1,0.51,26,400,1
2026-06-04 18:30:12,1,0.51,34,400,1
2026-06-04 18:30:13,1,0.51,29,400,1
2026-06-04 18:30:14,1,0.51,40,400,1
2026-06-04 18:30:15,1,0.70,42,400,1
2026-06-04 18:30:16,1,0.70,36,400,1
2026-06-04 18:30:17,1,0.70,40,400,1
2026-06-04 18:30:18,1,0.70,44,400,1
2026-06-04 18:30:19,1,0.70,36,400,1
2026-06-04 18:30:20,1,0.70,38,400,1
2026-06-04 18:30:21,1,0.70,31,400,1
2026-06-04 18:30:22,1,0.70,33,400,1
2026-06-04 18:30:23,1,0.53,31,400,1
2026-06-04 18:30:24,1,0.53,39,400,1
2026-06-04 18:30:25,1,0.53,27,400,1
2026-06-04 18:30:26,1,0.53,34,400,1
2026-06-04 18:30:27,1,0.53,33,400,1
2026-06-04 18:30:28,1,0.53,31,400,1
2026-06-04 18:30:29,1,0.56,30,400,1
2026-06-04 18:30:30,1,0.56,28,400,1
2026-06-04 18:30:31,1,0.56,24,400,1
2026-06-04 18:30:32,1,0.56,29,400,1
2026-06-04 18:30:33,1,0.56,30,400,1
2026-06-04 18:30:34,1,0.56,37,400,1
2026-06-04 18:30:35,1,0.35,31,400,1
2026-06-04 18:30:36,1,0.35,26,400,1
2026-06-04 18:30:37,1,0.35,30,400,1
2026-06-04 18:30:38,1,0.70,29,400,1
2026-06-04 18:30:39,1,0.70,21,400,1
2026-06-04 18:30:40,1,0.67,27,400,1
2026-06-04 18:30:41,1,0.66,24,400,1
2026-06-04 18:30:42,1,0.66,23,400,1
2026-06-04 18:30:43,1,0.66,26,400,1
2026-06-04 18:30:44,1,0.66,28,400,1
2026-06-04 18:30:45,1,0.65,17,400,1
2026-06-04 18:30:46,1,0.65,20,400,1
2026-06-04 18:30:47,1,0.58,20,400,1
2026-06-04 18:30:48,1,0.58,19,400,1
2026-06-04 18:30:49,1,0.58,19,400,1
2026-06-04 18:30:50,1,0.58,14,400,1
2026-06-04 18:30:51,1,0.58,20,400,1
2026-06-04 18:30:52,1,0.58,21,400,1
2026-06-04 18:30:53,1,0.58,26,400,1
2026-06-04 18:30:54,1,0.58,27,400,1
2026-06-04 18:30:55,1,0.56,28,400,1
2026-06-04 18:30:56,1,0.56,28,400,1
2026-06-04 18:30:57,1,0.56,29,400,1
2026-06-04 18:30:58,1,0.56,31,400,1
2026-06-04 18:30:59,1,0.56,34,400,1
2026-06-04 18:31:00,1,0.56,37,400,1
2026-06-04 18:31:01,1,0.56,40,400,1
2026-06-04 18:31:02,1,0.59,37,400,1
2026-06-04 18:31:03,1,0.59,38,400,1
2026-06-04 18:31:04,1,0.59,42,400,1
2026-06-04 18:31:05,1,0.59,36,413,1
2026-06-04 18:31:06,1,0.59,32,400,1
2026-06-04 18:31:07,1,0.59,37,400,1
2026-06-04 18:31:08,1,0.59,32,400,1
2026-06-04 18:31:09,1,0.59,33,400,1
2026-06-04 18:31:10,1,0.59,27,400,1
2026-06-04 18:31:11,1,0.59,32,400,1
2026-06-04 18:31:12,1,0.57,29,400,1
2026-06-04 18:31:13,1,0.57,32,400,1
2026-06-04 18:31:14,1,0.57,36,400,1
2026-06-04 18:31:15,1,0.57,32,400,1
2026-06-04 18:31:16,1,0.57,33,400,1
2026-06-04 18:31:17,1,0.57,33,400,1
2026-06-04 18:31:18,1,0.57,24,400,1
2026-06-04 18:31:19,1,0.57,26,400,1
2026-06-04 18:31:20,1,0.57,28,400,1
2026-06-04 18:31:21,1,0.67,27,400,1
2026-06-04 18:31:22,1,0.59,28,400,1
2026-06-04 18:31:23,1,0.79,22,400,1
2026-06-04 18:31:24,1,0.74,27,400,1
2026-06-04 18:31:25,1,0.71,27,400,1
2026-06-04 18:31:26,1,0.71,31,400,1
2026-06-04 18:31:27,1,0.71,23,400,1
2026-06-04 18:31:28,1,0.71,24,400,1
2026-06-04 18:31:29,1,0.35,27,400,1
2026-06-04 18:31:30,1,0.68,28,400,1
2026-06-04 18:31:31,1,0.68,22,400,1
2026-06-04 18:31:32,1,0.68,26,400,1
2026-06-04 18:31:33,1,0.68,15,400,1
2026-06-04 18:31:34,1,0.67,15,400,1
2026-06-04 18:31:35,1,0.67,16,400,1
2026-06-04 18:31:36,1,0.67,14,400,1
2026-06-04 18:31:37,1,0.67,14,400,1
2026-06-04 18:31:38,1,0.64,12,400,1
2026-06-04 18:31:39,1,0.65,5,400,1
2026-06-04 18:31:40,1,0.60,6,400,1
2026-06-04 18:31:41,1,0.60,6,400,1
2026-06-04 18:31:42,1,0.60,8,400,1
2026-06-04 18:31:43,1,0.60,9,400,1
2026-06-04 18:31:44,1,0.60,3,400,1
2026-06-04 18:31:45,1,0.68,10,400,1
2026-06-04 18:31:46,1,0.68,7,400,1
2026-06-04 18:31:47,1,0.60,7,400,1
2026-06-04 18:31:48,1,0.60,4,400,1
2026-06-04 18:31:49,1,0.60,9,400,1
2026-06-04 18:31:50,1,0.60,9,400,1
2026-06-04 18:31:51,1,0.60,13,400,1
2026-06-04 18:31:52,1,0.60,11,400,1
2026-06-04 18:31:53,1,0.60,7,400,1
2026-06-04 18:31:54,1,0.60,13,400,1
2026-06-04 18:31:55,1,0.60,9,400,1
2026-06-04 18:31:56,1,0.47,7,400,1
2026-06-04 18:31:57,1,0.47,13,400,1
2026-06-04 18:31:58,1,0.47,10,400,1
2026-06-04 18:31:59,1,0.49,6,400,1
2026-06-04 18:32:00,1,0.49,14,400,1
2026-06-04 18:32:01,1,0.49,18,400,1
2026-06-04 18:32:02,1,0.49,13,400,1
2026-06-04 18:32:03,1,0.49,12,400,1
2026-06-04 18:32:04,1,0.49,13,400,1
2026-06-04 18:32:05,1,0.54,14,400,1
2026-06-04 18:32:06,1,0.53,17,400,1
2026-06-04 18:32:07,1,0.59,13,400,1
2026-06-04 18:32:08,1,0.60,10,400,1
2026-06-04 18:32:09,1,0.59,18,400,1
2026-06-04 18:32:10,1,0.59,19,400,1
2026-06-04 18:32:11,1,0.64,19,400,1
2026-06-04 18:32:12,1,0.64,15,400,1
2026-06-04 18:32:13,1,0.57,19,400,1
2026-06-04 18:32:14,1,0.44,16,400,1
2026-06-04 18:32:16,1,0.44,11,400,1
2026-06-04 18:32:16,1,0.44,11,400,1
2026-06-04 18:32:17,1,0.44,12,400,1
2026-06-04 18:32:18,1,0.44,8,400,1
2026-06-04 18:32:19,1,0.44,7,400,1
2026-06-04 18:32:20,1,0.44,5,400,1
2026-06-04 18:32:21,1,0.44,12,400,1
2026-06-04 18:32:22,1,0.44,9,400,1
2026-06-04 18:32:23,1,0.44,11,400,1
2026-06-04 18:32:24,1,0.44,10,400,1
2026-06-04 18:32:25,1,0.44,8,400,1
2026-06-04 18:32:26,1,0.44,12,400,1
2026-06-04 18:32:27,1,0.44,12,400,1
2026-06-04 18:32:28,1,0.44,11,400,1
2026-06-04 18:32:29,1,0.44,5,400,1
2026-06-04 18:32:30,1,0.44,13,400,1
2026-06-04 18:32:31,1,0.44,13,400,1
2026-06-04 18:32:32,1,0.44,11,400,1
2026-06-04 18:32:33,1,0.44,11,400,1
2026-06-04 18:32:34,1,0.54,15,400,1
2026-06-04 18:32:35,1,0.54,14,400,1
2026-06-04 18:32:36,1,0.54,22,400,1
2026-06-04 18:32:37,1,0.54,21,400,1
2026-06-04 18:32:38,1,0.54,23,400,1
2026-06-04 18:32:39,1,0.54,20,400,1
2026-06-04 18:32:40,1,0.54,22,400,1
2026-06-04 18:32:41,1,0.54,26,400,1
2026-06-04 18:32:42,1,0.54,29,400,1
2026-06-04 18:32:43,1,0.54,34,400,1
2026-06-04 18:32:44,1,0.79,34,400,1
2026-06-04 18:32:45,1,2.15,30,400,1
2026-06-04 18:32:46,1,2.15,33,400,1
2026-06-04 18:32:47,1,2.15,35,400,1
2026-06-04 18:32:48,1,2.15,35,400,1
2026-06-04 18:32:49,1,2.15,31,400,1
2026-06-04 18:32:50,1,2.15,35,400,1
2026-06-04 18:32:51,1,2.15,33,400,1
2026-06-04 18:32:52,1,2.15,36,400,1
2026-06-04 18:32:53,1,2.15,38,400,1
2026-06-04 18:32:54,1,0.45,39,400,1
2026-06-04 18:32:55,1,0.45,37,400,1
2026-06-04 18:32:56,1,0.45,33,400,1
2026-06-04 18:32:57,1,0.45,35,400,1
2026-06-04 18:32:58,1,0.45,39,400,1
2026-06-04 18:32:59,1,0.45,39,400,1
2026-06-04 18:33:00,1,0.45,42,400,1
2026-06-04 18:33:01,1,0.45,42,400,1
2026-06-04 18:33:02,1,0.45,42,400,1
2026-06-04 18:33:03,1,0.45,45,400,1
2026-06-04 18:33:04,1,0.45,49,400,1
2026-06-04 18:33:05,1,0.44,45,400,1
2026-06-04 18:33:06,1,0.44,46,400,1
2026-06-04 18:33:07,1,0.44,46,400,1
2026-06-04 18:33:08,1,0.44,50,400,1
2026-06-04 18:33:09,1,0.44,52,400,1
2026-06-04 18:33:10,1,0.44,41,400,1
2026-06-04 18:33:11,1,0.44,52,400,1
2026-06-04 18:33:12,1,0.44,50,400,1
2026-06-04 18:33:13,1,0.44,47,400,1
2026-06-04 18:33:14,1,0.44,49,400,1
2026-06-04 18:33:15,1,0.44,45,400,1
2026-06-04 18:33:16,1,0.44,48,400,1
2026-06-04 18:33:17,1,0.44,54,400,1
2026-06-04 18:33:18,1,0.44,48,400,1
2026-06-04 18:33:19,1,0.44,44,400,1
2026-06-04 18:33:20,1,0.44,48,400,1
2026-06-04 18:33:21,1,0.44,49,400,1
2026-06-04 18:33:22,1,0.44,46,400,1
2026-06-04 18:33:23,1,0.44,49,400,1
2026-06-04 18:33:24,1,0.44,51,400,1
2026-06-04 18:33:25,1,0.44,52,400,1
2026-06-04 18:33:26,1,0.44,50,400,1
2026-06-04 18:33:27,1,0.44,52,400,1
2026-06-04 18:33:28,1,0.44,48,400,1
2026-06-04 18:33:29,1,0.44,55,400,1
2026-06-04 18:33:30,1,0.44,60,400,1
2026-06-04 18:33:31,1,0.44,50,400,1
2026-06-04 18:33:32,1,0.44,54,400,1
2026-06-04 18:33:33,1,0.44,52,400,1
2026-06-04 18:33:34,1,0.44,54,400,1
2026-06-04 18:33:35,1,0.61,52,400,1
2026-06-04 18:33:36,1,0.67,59,400,1
2026-06-04 18:33:37,1,0.75,57,400,1
2026-06-04 18:33:38,1,0.75,60,400,1
2026-06-04 18:33:39,1,0.98,54,400,1
2026-06-04 18:33:40,1,0.93,60,400,1
2026-06-04 18:33:41,1,0.82,58,400,1
2026-06-04 18:33:42,1,0.69,60,400,1
2026-06-04 18:33:43,1,0.68,53,400,1
2026-06-04 18:33:44,1,0.64,65,400,1
2026-06-04 18:33:45,1,0.73,63,400,1
2026-06-04 18:33:46,1,0.73,63,400,1
2026-06-04 18:33:47,1,0.72,57,400,1
2026-06-04 18:33:48,1,0.75,57,400,1
2026-06-04 18:33:49,1,0.75,56,400,1
2026-06-04 18:33:50,1,0.76,60,400,1
2026-06-04 18:33:51,1,0.76,62,400,1
2026-06-04 18:33:52,1,0.72,59,400,1
2026-06-04 18:33:53,1,0.77,58,400,1
2026-06-04 18:33:54,1,0.76,58,400,1
2026-06-04 18:33:55,1,0.76,66,400,1
2026-06-04 18:33:56,1,0.76,61,400,1
2026-06-04 18:33:57,1,0.76,60,400,1
2026-06-04 18:33:58,1,0.74,63,400,1
2026-06-04 18:33:59,1,0.74,57,400,1
2026-06-04 18:34:00,1,0.74,59,400,1
2026-06-04 18:34:01,1,0.74,66,400,1
2026-06-04 18:34:02,1,0.74,58,400,1
2026-06-04 18:34:03,1,0.74,62,400,1
2026-06-04 18:34:04,1,0.74,59,400,1
2026-06-04 18:34:05,1,0.74,59,400,1
2026-06-04 18:34:06,1,0.71,65,400,1
2026-06-04 18:34:07,1,0.73,62,400,1
2026-06-04 18:34:08,1,0.73,64,404,1
2026-06-04 18:34:09,1,0.72,63,400,1
2026-06-04 18:34:10,1,0.73,64,406,1
2026-06-04 18:34:11,1,0.80,60,400,1
2026-06-04 18:34:12,1,0.73,65,400,1
2026-06-04 18:34:13,1,0.72,57,400,1
2026-06-04 18:34:14,1,0.65,66,404,1
2026-06-04 18:34:15,1,0.67,65,401,1
2026-06-04 18:34:16,1,0.67,62,400,1
2026-06-04 18:34:17,1,0.67,62,400,1
2026-06-04 18:34:18,1,0.67,70,408,1
2026-06-04 18:34:19,1,0.66,58,400,1
2026-06-04 18:34:20,1,0.39,60,409,1
2026-06-04 18:34:21,1,0.47,70,410,1
2026-06-04 18:34:22,1,0.66,66,400,1
2026-06-04 18:34:23,1,0.60,59,403,1
2026-06-04 18:34:24,1,0.53,67,402,1
2026-06-04 18:34:25,1,0.54,68,403,1
2026-06-04 18:34:26,1,0.53,62,400,1
2026-06-04 18:34:27,1,0.50,63,405,1
2026-06-04 18:34:28,1,0.50,75,411,1
2026-06-04 18:34:29,1,0.50,67,400,1
2026-06-04 18:34:30,1,0.51,68,402,1
2026-06-04 18:34:31,1,0.47,71,406,1
2026-06-04 18:34:32,1,0.90,69,400,1
2026-06-04 18:34:33,1,0.90,65,408,1
2026-06-04 18:34:34,1,0.90,63,401,1
2026-06-04 18:34:35,1,0.83,66,403,1
2026-06-04 18:34:36,1,0.83,68,404,1
2026-06-04 18:34:37,1,0.83,65,404,1
2026-06-04 18:34:38,1,0.85,66,401,1
2026-06-04 18:34:39,1,0.85,71,405,1
2026-06-04 18:34:40,1,0.83,71,400,1
2026-06-04 18:34:41,1,0.84,69,403,1
2026-06-04 18:34:42,1,0.48,70,410,1
2026-06-04 18:34:43,1,0.74,68,400,1
2026-06-04 18:34:44,1,0.61,64,400,1
2026-06-04 18:34:45,1,0.64,62,406,1
2026-06-04 18:34:46,1,0.74,66,400,1
2026-06-04 18:34:47,1,0.66,60,400,1
2026-06-04 18:34:48,1,0.81,63,400,1
2026-06-04 18:34:49,1,1.59,61,400,1
2026-06-04 18:34:50,1,6.19,68,400,1
2026-06-04 18:34:51,1,6.47,64,412,1
2026-06-04 18:34:52,1,5.52,66,432,1
2026-06-04 18:34:53,1,5.52,60,424,1
2026-06-04 18:34:54,1,8.37,70,435,1
2026-06-04 18:34:55,1,5.85,71,434,1
2026-06-04 18:34:56,1,3.90,80,431,1
2026-06-04 18:34:57,1,3.61,80,435,1
2026-06-04 18:34:58,1,3.61,87,440,1
2026-06-04 18:34:59,1,3.61,95,450,1
2026-06-04 18:35:00,1,3.61,98,457,1
2026-06-04 18:35:01,1,3.61,107,464,1
2026-06-04 18:35:02,1,3.61,120,469,1
2026-06-04 18:35:03,1,3.61,122,472,1
2026-06-04 18:35:04,1,3.61,132,479,1
2026-06-04 18:35:05,1,3.61,136,485,1
2026-06-04 18:35:06,1,3.61,139,498,1
2026-06-04 18:35:07,1,3.61,153,499,1
2026-06-04 18:35:08,1,3.61,161,506,1
2026-06-04 18:35:09,1,3.61,164,508,1
2026-06-04 18:35:10,1,3.61,165,505,1
2026-06-04 18:35:11,1,3.61,173,516,1
2026-06-04 18:35:12,1,3.61,175,514,1
2026-06-04 18:35:13,1,3.61,175,516,1
2026-06-04 18:35:14,1,3.61,182,518,1
2026-06-04 18:35:15,1,3.61,178,517,1
2026-06-04 18:35:16,1,3.61,187,519,1
2026-06-04 18:35:17,1,3.61,186,522,1
2026-06-04 18:35:18,1,3.61,188,524,1
2026-06-04 18:35:19,1,3.61,195,524,1
2026-06-04 18:35:20,1,3.61,194,523,1
2026-06-04 18:35:21,1,3.61,191,521,1
2026-06-04 18:35:22,1,3.61,189,516,1
2026-06-04 18:35:23,1,3.61,187,516,1
2026-06-04 18:35:24,1,3.61,193,516,1
2026-06-04 18:35:25,1,3.61,185,504,1
2026-06-04 18:35:26,1,3.61,188,516,1
2026-06-04 18:35:27,1,3.61,194,510,1
2026-06-04 18:35:28,1,3.61,190,506,1
2026-06-04 18:35:29,1,3.61,190,507,1
2026-06-04 18:35:30,1,3.61,193,509,1
2026-06-04 18:35:31,1,3.61,182,501,1
2026-06-04 18:35:32,1,3.61,187,512,1
2026-06-04 18:35:33,1,3.61,186,498,1
2026-06-04 18:35:34,1,3.61,184,496,1
2026-06-04 18:35:35,1,3.61,186,499,1
2026-06-04 18:35:36,1,3.61,183,492,1
2026-06-04 18:35:37,1,3.61,181,498,1
2026-06-04 18:35:38,1,3.61,179,495,1
2026-06-04 18:35:39,1,3.61,185,493,1
2026-06-04 18:35:40,1,3.61,178,493,1
2026-06-04 18:35:41,1,4.17,172,482,1
2026-06-04 18:35:42,1,3.43,176,476,1
2026-06-04 18:35:43,1,4.24,169,475,1
2026-06-04 18:35:44,1,5.25,172,481,1
2026-06-04 18:35:45,1,5.25,174,484,1
2026-06-04 18:35:46,1,7.01,168,472,1
2026-06-04 18:35:47,1,5.69,164,477,1
2026-06-04 18:35:48,1,4.06,164,481,1
2026-06-04 18:35:49,1,1.35,165,471,1
2026-06-04 18:35:50,1,0.84,161,463,1
2026-06-04 18:35:51,1,0.69,154,454,1
2026-06-04 18:35:52,1,0.68,150,442,1
2026-06-04 18:35:53,1,0.83,151,450,1
2026-06-04 18:35:54,1,0.74,144,445,1
2026-06-04 18:35:55,1,0.74,138,436,1
2026-06-04 18:35:56,1,0.74,142,439,1
2026-06-04 18:35:57,1,0.74,141,438,1
2026-06-04 18:35:58,1,0.74,142,439,1
2026-06-04 18:35:59,1,0.74,139,436,1
2026-06-04 18:36:00,1,0.74,134,427,1
2026-06-04 18:36:01,1,0.71,136,424,1
2026-06-04 18:36:02,1,0.71,131,426,1
2026-06-04 18:36:03,1,0.71,137,429,1
2026-06-04 18:36:04,1,0.71,133,431,1
2026-06-04 18:36:05,1,0.61,131,427,1
2026-06-04 18:36:06,1,0.61,130,425,1
2026-06-04 18:36:07,1,0.61,131,430,1
2026-06-04 18:36:08,1,0.61,132,427,1
2026-06-04 18:36:09,1,0.61,130,422,1
2026-06-04 18:36:10,1,0.61,127,420,1
2026-06-04 18:36:11,1,0.61,133,431,1
2026-06-04 18:36:12,1,0.58,126,426,1
2026-06-04 18:36:13,1,0.56,121,423,1
2026-06-04 18:36:14,1,0.46,124,425,1
2026-06-04 18:36:15,1,0.46,129,425,1
2026-06-04 18:36:16,1,0.44,125,424,1
2026-06-04 18:36:17,1,0.52,128,417,1
2026-06-04 18:36:18,1,0.47,119,415,1
2026-06-04 18:36:19,1,0.46,125,427,1
2026-06-04 18:36:20,1,0.46,127,423,1
2026-06-04 18:36:21,1,0.46,127,424,1
2026-06-04 18:36:22,1,0.44,116,416,1
2026-06-04 18:36:23,1,0.51,119,417,1
2026-06-04 18:36:24,1,0.51,124,427,1
2026-06-04 18:36:25,1,0.51,124,419,1
2026-06-04 18:36:26,1,0.51,125,418,1
2026-06-04 18:36:27,1,0.44,123,417,1
2026-06-04 18:36:28,1,0.44,117,406,1
2026-06-04 18:36:29,1,0.44,122,421,1
2026-06-04 18:36:30,1,0.44,118,413,1
2026-06-04 18:36:31,1,0.44,119,405,1
2026-06-04 18:36:32,1,0.46,114,402,1
2026-06-04 18:36:33,1,0.49,118,408,1
2026-06-04 18:36:34,1,0.50,117,408,1
2026-06-04 18:36:35,1,0.50,113,407,1
2026-06-04 18:36:36,1,0.50,111,401,1
2026-06-04 18:36:37,1,0.50,115,411,1
2026-06-04 18:36:38,1,0.50,119,412,1
2026-06-04 18:36:39,1,0.50,112,402,1
2026-06-04 18:36:40,1,0.50,118,414,1
2026-06-04 18:36:41,1,0.50,109,406,1
2026-06-04 18:36:42,1,0.35,114,413,1
2026-06-04 18:36:43,1,0.35,111,405,1
2026-06-04 18:36:44,1,0.35,108,400,1
2026-06-04 18:36:45,1,0.47,110,404,1
2026-06-04 18:36:46,1,0.50,108,403,1
2026-06-04 18:36:47,1,0.49,110,410,1
2026-06-04 18:36:48,1,0.50,118,407,1
2026-06-04 18:36:49,1,0.50,107,400,1
2026-06-04 18:36:50,1,0.50,108,406,1
2026-06-04 18:36:51,1,0.48,113,405,1
2026-06-04 18:36:52,1,0.44,106,401,1
2026-06-04 18:36:53,1,0.44,104,400,1
2026-06-04 18:36:54,1,0.40,99,400,1
2026-06-04 18:36:55,1,0.39,106,400,1
2026-06-04 18:36:56,1,0.39,97,400,1
2026-06-04 18:36:57,1,0.39,103,400,1
2026-06-04 18:36:58,1,0.39,101,400,1
2026-06-04 18:36:59,1,0.41,101,400,1
2026-06-04 18:37:00,1,0.43,105,403,1
2026-06-04 18:37:01,1,0.43,105,403,1
2026-06-04 18:37:02,1,0.43,106,403,1
2026-06-04 18:37:03,1,0.43,97,400,1
2026-06-04 18:37:04,1,0.43,98,400,1
2026-06-04 18:37:05,1,0.43,97,400,1
2026-06-04 18:37:06,1,0.43,93,400,1
2026-06-04 18:37:07,1,0.62,96,400,1
2026-06-04 18:37:08,1,0.62,101,400,1
2026-06-04 18:37:09,1,0.62,92,400,1
2026-06-04 18:37:10,1,0.62,92,400,1
2026-06-04 18:37:11,1,0.62,97,400,1
2026-06-04 18:37:12,1,0.62,97,400,1
2026-06-04 18:37:13,1,0.62,91,400,1
2026-06-04 18:37:14,1,0.62,97,400,1
2026-06-04 18:37:15,1,1.05,95,400,1
2026-06-04 18:37:16,1,1.05,86,400,1
2026-06-04 18:37:17,1,1.05,91,400,1
2026-06-04 18:37:18,1,1.05,87,400,1
2026-06-04 18:37:19,1,1.05,83,400,1
2026-06-04 18:37:20,1,0.55,84,400,1
2026-06-04 18:37:21,1,0.54,87,400,1
2026-06-04 18:37:22,1,0.55,85,400,1
2026-06-04 18:37:23,1,0.55,84,400,1
2026-06-04 18:37:24,1,0.55,81,400,1
2026-06-04 18:37:25,1,0.55,75,400,1
2026-06-04 18:37:26,1,0.55,83,400,1
2026-06-04 18:37:27,1,0.55,73,400,1
2026-06-04 18:37:28,1,0.55,73,400,1
2026-06-04 18:37:29,1,0.55,72,400,1
2026-06-04 18:37:30,1,0.55,73,400,1
2026-06-04 18:37:31,1,0.55,77,400,1
2026-06-04 18:37:32,1,0.55,70,400,1
2026-06-04 18:37:33,1,0.55,77,400,1
2026-06-04 18:37:34,1,0.55,73,400,1
2026-06-04 18:37:35,1,0.55,74,400,1
2026-06-04 18:37:36,1,0.55,71,400,1
2026-06-04 18:37:37,1,0.40,75,400,1
2026-06-04 18:37:38,1,0.33,70,400,1
2026-06-04 18:37:39,1,0.33,74,400,1
2026-06-04 18:37:40,1,0.33,72,400,1
2026-06-04 18:37:41,1,0.33,70,400,1
2026-06-04 18:37:42,1,0.33,75,400,1
2026-06-04 18:37:43,1,0.33,68,400,1
2026-06-04 18:37:44,1,0.33,75,400,1
2026-06-04 18:37:45,1,0.33,70,400,1
2026-06-04 18:37:46,1,0.33,70,400,1
2026-06-04 18:37:47,1,0.33,70,400,1
2026-06-04 18:37:48,1,0.33,72,400,1
2026-06-04 18:37:49,1,0.33,71,400,1
2026-06-04 18:37:50,1,0.60,72,400,1
2026-06-04 18:37:51,1,0.60,69,400,1
2026-06-04 18:37:52,1,0.60,67,400,1
2026-06-04 18:37:53,1,0.60,66,400,1
2026-06-04 18:37:54,1,0.60,64,400,1
2026-06-04 18:37:55,1,0.60,70,400,1
2026-06-04 18:37:56,1,0.60,72,400,1
2026-06-04 18:37:57,1,0.60,73,400,1
2026-06-04 18:37:58,1,0.60,77,400,1
2026-06-04 18:37:59,1,0.60,69,400,1
2026-06-04 18:38:00,1,0.60,70,400,1
2026-06-04 18:38:01,1,0.60,71,400,1
2026-06-04 18:38:02,1,0.60,68,400,1
2026-06-04 18:38:03,1,0.60,68,400,1
2026-06-04 18:38:04,1,0.60,70,400,1
2026-06-04 18:38:05,1,0.60,74,400,1
2026-06-04 18:38:06,1,0.12,71,400,1
2026-06-04 18:38:07,1,0.12,72,400,1
2026-06-04 18:38:08,1,0.12,70,400,1
2026-06-04 18:38:09,1,0.16,73,400,1
2026-06-04 18:38:10,1,0.83,70,400,1
2026-06-04 18:38:11,1,0.83,70,400,1
2026-06-04 18:38:12,1,0.83,69,400,1
2026-06-04 18:38:13,1,0.83,75,400,1
2026-06-04 18:38:14,1,0.83,78,400,1
2026-06-04 18:38:15,1,0.83,71,400,1
2026-06-04 18:38:16,1,0.83,71,400,1
2026-06-04 18:38:17,1,0.83,72,400,1
2026-06-04 18:38:18,1,0.15,75,400,1
2026-06-04 18:38:19,1,0.15,68,400,1
2026-06-04 18:38:20,1,0.15,73,400,1
2026-06-04 18:38:21,1,0.15,74,400,1
2026-06-04 18:38:22,1,0.15,69,400,1
2026-06-04 18:38:23,1,0.15,72,400,1
2026-06-04 18:38:24,1,0.15,70,400,1
2026-06-04 18:38:25,1,0.15,68,400,1
2026-06-04 18:38:26,1,0.15,70,400,1
2026-06-04 18:38:27,1,0.15,64,400,1
2026-06-04 18:38:28,1,0.15,60,400,1
2026-06-04 18:38:29,1,0.15,72,400,1
2026-06-04 18:38:30,1,0.15,67,400,1
2026-06-04 18:38:31,1,0.15,65,400,1
2026-06-04 18:38:32,1,0.41,68,400,1
2026-06-04 18:38:33,1,0.41,66,400,1
2026-06-04 18:38:34,1,0.41,66,400,1
2026-06-04 18:38:35,1,0.41,66,400,1
2026-06-04 18:38:36,1,0.41,65,400,1
2026-06-04 18:38:37,1,0.41,66,400,1
2026-06-04 18:38:38,1,0.41,61,400,1
2026-06-04 18:38:39,1,0.41,70,400,1
2026-06-04 18:38:40,1,0.18,63,400,1
2026-06-04 18:38:41,1,0.18,66,400,1
2026-06-04 18:38:42,1,0.18,71,400,1
2026-06-04 18:38:43,1,0.18,56,400,1
2026-06-04 18:38:44,1,0.18,59,400,1
2026-06-04 18:38:45,1,0.30,67,400,1
2026-06-04 18:38:46,1,0.30,62,400,1
2026-06-04 18:38:47,1,0.51,62,400,1
2026-06-04 18:38:48,1,0.55,59,400,1
2026-06-04 18:38:49,1,0.59,62,400,1
2026-06-04 18:38:50,1,0.59,65,400,1
2026-06-04 18:38:51,1,0.59,67,400,1
2026-06-04 18:38:52,1,0.59,59,400,1
2026-06-04 18:38:53,1,0.59,64,400,1
2026-06-04 18:38:54,1,0.59,64,400,1
2026-06-04 18:38:55,1,0.59,65,400,1
2026-06-04 18:38:56,1,0.59,56,400,1
2026-06-04 18:38:57,1,0.59,59,400,1
2026-06-04 18:38:58,1,0.59,60,400,1
2026-06-04 18:38:59,1,0.59,66,400,1
2026-06-04 18:39:00,1,0.59,64,400,1
2026-06-04 18:39:01,1,0.59,66,400,1
2026-06-04 18:39:02,1,0.59,64,400,1
2026-06-04 18:39:03,1,0.59,59,400,1
2026-06-04 18:39:04,1,0.59,57,400,1
2026-06-04 18:39:05,1,0.59,56,400,1
2026-06-04 18:39:06,1,0.59,59,400,1
2026-06-04 18:39:07,1,0.59,57,400,1
2026-06-04 18:39:08,1,0.59,64,400,1
2026-06-04 18:39:09,1,0.59,65,400,1
2026-06-04 18:39:10,1,0.59,59,400,1
2026-06-04 18:39:11,1,0.59,61,400,1
2026-06-04 18:39:12,1,0.59,59,400,1
2026-06-04 18:39:13,1,0.59,63,400,1
2026-06-04 18:39:14,1,0.59,69,400,1
2026-06-04 18:39:15,1,0.59,68,400,1
2026-06-04 18:39:16,1,0.59,66,400,1
2026-06-04 18:39:17,1,0.59,65,400,1
2026-06-04 18:39:18,1,0.59,62,400,1
2026-06-04 18:39:19,1,0.59,65,400,1
2026-06-04 18:39:20,1,0.59,63,400,1
2026-06-04 18:39:21,1,0.59,63,400,1
2026-06-04 18:39:22,1,0.59,67,400,1
2026-06-04 18:39:23,1,0.59,65,400,1
2026-06-04 18:39:24,1,0.14,69,400,1
2026-06-04 18:39:25,1,0.14,62,400,1
2026-06-04 18:39:26,1,0.14,70,400,1
2026-06-04 18:39:27,1,0.14,68,400,1
2026-06-04 18:39:28,1,0.14,63,400,1
2026-06-04 18:39:29,1,0.14,74,401,1
2026-06-04 18:39:30,1,0.14,69,400,1
2026-06-04 18:39:31,1,1.05,68,400,1
2026-06-04 18:39:32,1,1.05,71,404,1
2026-06-04 18:39:33,1,1.05,72,403,1
2026-06-04 18:39:34,1,1.05,72,400,1
2026-06-04 18:39:35,1,1.05,72,400,1
2026-06-04 18:39:36,1,1.05,73,400,1
2026-06-04 18:39:37,1,1.05,74,401,1
2026-06-04 18:39:38,1,1.05,78,403,1
2026-06-04 18:39:39,1,1.05,70,400,1
2026-06-04 18:39:40,1,1.05,69,400,1
2026-06-04 18:39:41,1,1.05,77,403,1
2026-06-04 18:39:42,1,1.05,80,404,1
2026-06-04 18:39:43,1,1.05,76,402,1
2026-06-04 18:39:44,1,1.05,79,400,1
2026-06-04 18:39:45,1,1.05,76,400,1
2026-06-04 18:39:46,1,1.05,71,400,1
2026-06-04 18:39:47,1,0.13,76,401,1
2026-06-04 18:39:48,1,0.13,74,400,1
2026-06-04 18:39:49,1,0.13,78,400,1
2026-06-04 18:39:50,1,0.13,77,400,1
2026-06-04 18:39:51,1,0.13,78,400,1
2026-06-04 18:39:52,1,0.13,77,400,1
2026-06-04 18:39:53,1,0.13,79,400,1
2026-06-04 18:39:54,1,0.13,77,400,1
2026-06-04 18:39:55,1,0.13,74,400,1
2026-06-04 18:39:56,1,0.13,72,400,1
2026-06-04 18:39:57,1,1.23,75,400,1
2026-06-04 18:39:58,1,1.23,71,400,1
2026-06-04 18:39:59,1,1.23,75,400,1
2026-06-04 18:40:00,1,0.20,77,400,1
2026-06-04 18:40:01,1,0.20,75,400,1
2026-06-04 18:40:02,1,0.20,75,400,1
2026-06-04 18:40:03,1,0.20,77,400,1
2026-06-04 18:40:04,1,0.20,77,400,1
2026-06-04 18:40:05,1,0.20,78,400,1
2026-06-04 18:40:06,1,0.20,76,400,1
2026-06-04 18:40:07,1,0.20,70,400,1
2026-06-04 18:40:08,1,0.18,74,400,1
2026-06-04 18:40:09,1,0.18,74,400,1
2026-06-04 18:40:10,1,0.18,72,400,1
2026-06-04 18:40:11,1,0.18,75,400,1
2026-06-04 18:40:12,1,0.18,76,400,1
2026-06-04 18:40:13,1,0.43,68,400,1
2026-06-04 18:40:14,1,0.45,73,400,1
2026-06-04 18:40:15,1,0.52,68,400,1
2026-06-04 18:40:16,1,0.52,70,400,1
2026-06-04 18:40:17,1,0.52,73,400,1
2026-06-04 18:40:18,1,0.51,69,400,1
2026-06-04 18:40:19,1,0.53,62,400,1
2026-06-04 18:40:20,1,0.56,63,400,1
2026-06-04 18:40:21,1,0.56,71,400,1
2026-06-04 18:40:22,1,0.56,68,400,1
2026-06-04 18:40:23,1,0.50,69,400,1
2026-06-04 18:40:24,1,0.50,69,400,1
2026-06-04 18:40:25,1,0.47,70,400,1
2026-06-04 18:40:26,1,0.45,64,400,1
2026-06-04 18:40:27,1,0.43,69,400,1
2026-06-04 18:40:28,1,0.43,69,400,1
2026-06-04 18:40:29,1,0.52,58,400,1
2026-06-04 18:40:30,1,0.60,65,400,1
2026-06-04 18:40:31,1,0.60,66,400,1
2026-06-04 18:40:32,1,0.67,73,400,1
2026-06-04 18:40:33,1,0.67,64,400,1
2026-06-04 18:40:34,1,0.70,67,400,1
2026-06-04 18:40:35,1,0.70,65,400,1
2026-06-04 18:40:36,1,0.70,66,400,1
2026-06-04 18:40:37,1,0.70,62,400,1
2026-06-04 18:40:38,1,0.70,59,400,1
2026-06-04 18:40:39,1,0.70,64,400,1
2026-06-04 18:40:40,1,0.70,66,400,1
2026-06-04 18:40:41,1,0.70,67,400,1
2026-06-04 18:40:42,1,0.70,70,400,1
2026-06-04 18:40:43,1,0.70,60,400,1
2026-06-04 18:40:44,1,0.70,68,400,1
2026-06-04 18:40:46,1,0.70,68,400,1
2026-06-04 18:40:46,1,0.70,66,400,1
2026-06-04 18:40:47,1,0.68,67,400,1
2026-06-04 18:40:48,1,0.68,64,400,1
2026-06-04 18:40:49,1,0.68,75,400,1
2026-06-04 18:40:50,1,0.66,70,400,1
2026-06-04 18:40:51,1,0.42,69,400,1
2026-06-04 18:40:52,1,0.46,65,400,1
2026-06-04 18:40:53,1,0.46,64,400,1
2026-06-04 18:40:54,1,0.47,76,400,1
2026-06-04 18:40:55,1,0.47,66,400,1
2026-06-04 18:40:56,1,0.47,67,400,1
2026-06-04 18:40:57,1,0.47,71,400,1
2026-06-04 18:40:58,1,0.47,72,400,1
2026-06-04 18:40:59,1,0.47,67,400,1
2026-06-04 18:41:00,1,0.50,68,400,1
2026-06-04 18:41:01,1,0.53,74,400,1
2026-06-04 18:41:02,1,0.52,73,400,1
2026-06-04 18:41:03,1,0.52,76,407,1
2026-06-04 18:41:04,1,0.52,77,400,1
2026-06-04 18:41:05,1,0.52,69,400,1
2026-06-04 18:41:06,1,0.52,77,400,1
2026-06-04 18:41:07,1,0.52,72,400,1
2026-06-04 18:41:08,1,0.48,73,400,1
2026-06-04 18:41:09,1,0.48,76,400,1
2026-06-04 18:41:10,1,0.48,74,400,1
2026-06-04 18:41:11,1,0.48,76,400,1
2026-06-04 18:41:12,1,0.43,72,400,1
2026-06-04 18:41:13,1,0.45,78,400,1
2026-06-04 18:41:14,1,0.45,77,400,1
2026-06-04 18:41:15,1,0.45,73,400,1
2026-06-04 18:41:16,1,0.45,72,400,1
2026-06-04 18:41:17,1,0.44,77,400,1
2026-06-04 18:41:18,1,0.44,72,400,1
2026-06-04 18:41:19,1,0.44,75,400,1
2026-06-04 18:41:20,1,0.44,74,400,1
2026-06-04 18:41:21,1,0.44,70,400,1
2026-06-04 18:41:22,1,0.45,80,402,1
2026-06-04 18:41:23,1,0.52,78,400,1
2026-06-04 18:41:24,1,0.52,72,400,1
2026-06-04 18:41:25,1,0.53,74,400,1
2026-06-04 18:41:26,1,0.55,76,400,1
2026-06-04 18:41:27,1,0.52,75,400,1
2026-06-04 18:41:28,1,0.52,76,400,1
2026-06-04 18:41:29,1,0.52,73,400,1
2026-06-04 18:41:30,1,0.52,76,400,1
2026-06-04 18:41:31,1,0.52,75,400,1
2026-06-04 18:41:32,1,0.52,67,400,1
2026-06-04 18:41:33,1,0.52,80,403,1
2026-06-04 18:41:34,1,0.58,77,405,1
2026-06-04 18:41:35,1,0.58,75,400,1
2026-06-04 18:41:36,1,0.58,75,404,1
2026-06-04 18:41:37,1,0.54,79,402,1
2026-06-04 18:41:38,1,0.54,74,400,1
2026-06-04 18:41:39,1,0.69,82,400,1
2026-06-04 18:41:40,1,0.69,77,401,1
2026-06-04 18:41:41,1,0.69,77,400,1
2026-06-04 18:41:42,1,0.74,76,403,1
2026-06-04 18:41:43,1,0.74,74,400,1
2026-06-04 18:41:44,1,0.74,78,406,1
2026-06-04 18:41:45,1,0.80,78,400,1
2026-06-04 18:41:46,1,0.80,77,405,1
2026-06-04 18:41:47,1,0.83,78,404,1
2026-06-04 18:41:48,1,0.83,81,406,1
2026-06-04 18:41:49,1,0.83,83,402,1
2026-06-04 18:41:50,1,0.83,82,404,1
2026-06-04 18:41:51,1,0.84,79,400,1
2026-06-04 18:41:52,1,0.84,79,400,1
2026-06-04 18:41:53,1,0.84,83,408,1
2026-06-04 18:41:54,1,0.84,74,400,1
2026-06-04 18:41:55,1,0.78,84,407,1
2026-06-04 18:41:56,1,0.78,80,401,1
2026-06-04 18:41:57,1,0.78,82,401,1
2026-06-04 18:41:58,1,0.78,82,400,1
2026-06-04 18:41:59,1,0.78,79,411,1
2026-06-04 18:42:00,1,0.70,84,400,1
2026-06-04 18:42:01,1,0.70,83,409,1
2026-06-04 18:42:02,1,0.66,79,403,1
2026-06-04 18:42:03,1,0.66,88,410,1
2026-06-04 18:42:04,1,0.61,82,405,1
2026-06-04 18:42:05,1,0.61,81,405,1
2026-06-04 18:42:06,1,0.61,82,400,1
2026-06-04 18:42:07,1,0.61,82,401,1
2026-06-04 18:42:08,1,0.61,86,412,1
2026-06-04 18:42:09,1,0.57,85,403,1
2026-06-04 18:42:10,1,0.57,77,400,1
2026-06-04 18:42:11,1,0.57,84,404,1
2026-06-04 18:42:12,1,0.57,84,404,1
2026-06-04 18:42:13,1,0.57,80,401,1
2026-06-04 18:42:14,1,0.57,84,408,1
2026-06-04 18:42:15,1,1.05,86,406,1
2026-06-04 18:42:16,1,1.05,80,403,1
2026-06-04 18:42:17,1,1.05,83,400,1
2026-06-04 18:42:18,1,1.05,85,411,1
2026-06-04 18:42:19,1,1.05,86,410,1
2026-06-04 18:42:20,1,1.05,84,409,1
2026-06-04 18:42:21,1,0.57,86,403,1
2026-06-04 18:42:22,1,0.57,86,406,1
2026-06-04 18:42:23,1,0.63,83,404,1
2026-06-04 18:42:24,1,0.63,83,404,1
2026-06-04 18:42:25,1,0.70,81,407,1
2026-06-04 18:42:26,1,0.70,82,411,1
2026-06-04 18:42:27,1,0.70,84,416,1
2026-06-04 18:42:28,1,0.69,89,405,1
2026-06-04 18:42:29,1,0.69,88,407,1
2026-06-04 18:42:30,1,0.69,89,412,1
2026-06-04 18:42:31,1,0.65,89,412,1
2026-06-04 18:42:32,1,0.65,89,409,1
2026-06-04 18:42:33,1,0.65,90,406,1
2026-06-04 18:42:34,1,0.65,89,411,1
2026-06-04 18:42:35,1,0.65,86,400,1
2026-06-04 18:42:36,1,0.65,83,400,1
2026-06-04 18:42:37,1,0.65,91,402,1
2026-06-04 18:42:38,1,0.63,82,408,1
2026-06-04 18:42:39,1,0.63,87,407,1
2026-06-04 18:42:40,1,0.63,88,414,1
2026-06-04 18:42:41,1,0.63,87,402,1
2026-06-04 18:42:42,1,0.63,83,400,1
2026-06-04 18:42:43,1,0.63,93,402,1
2026-06-04 18:42:44,1,0.63,91,407,1
2026-06-04 18:42:45,1,0.65,94,406,1
2026-06-04 18:42:46,1,0.58,87,402,1
2026-06-04 18:42:47,1,0.53,87,405,1
2026-06-04 18:42:48,1,0.53,87,400,1
2026-06-04 18:42:49,1,0.52,88,404,1
2026-06-04 18:42:50,1,0.53,87,405,1
2026-06-04 18:42:51,1,0.53,85,402,1
2026-06-04 18:42:52,1,0.53,85,405,1
2026-06-04 18:42:53,1,0.56,83,408,1
2026-06-04 18:42:54,1,0.56,90,404,1
2026-06-04 18:42:55,1,0.51,91,412,1
2026-06-04 18:42:56,1,0.51,84,400,1
2026-06-04 18:42:57,1,0.51,86,400,1
2026-06-04 18:42:58,1,0.51,89,403,1
2026-06-04 18:42:59,1,0.60,89,400,1
2026-06-04 18:43:00,1,0.70,86,403,1
2026-06-04 18:43:01,1,0.70,91,400,1
2026-06-04 18:43:02,1,0.70,88,400,1
2026-06-04 18:43:03,1,0.70,87,400,1
2026-06-04 18:43:04,1,0.70,89,401,1
2026-06-04 18:43:05,1,0.70,92,400,1
2026-06-04 18:43:06,1,0.70,87,402,1
2026-06-04 18:43:07,1,0.70,82,400,1
2026-06-04 18:43:08,1,0.70,83,400,1
2026-06-04 18:43:09,1,0.70,89,405,1
2026-06-04 18:43:10,1,4.94,85,403,1
2026-06-04 18:43:11,1,4.94,85,405,1
2026-06-04 18:43:12,1,4.94,92,407,1
2026-06-04 18:43:13,1,4.94,85,400,1
2026-06-04 18:43:14,1,4.94,94,404,1
2026-06-04 18:43:15,1,4.94,90,402,1
2026-06-04 18:43:16,1,4.94,93,400,1
2026-06-04 18:43:17,1,4.94,93,401,1
2026-06-04 18:43:18,1,4.94,93,400,1
2026-06-04 18:43:19,1,4.94,93,408,1
2026-06-04 18:43:20,1,4.94,89,407,1
2026-06-04 18:43:21,1,4.94,87,400,1
2026-06-04 18:43:22,1,4.94,92,400,1
2026-06-04 18:43:23,1,4.94,87,400,1
2026-06-04 18:43:24,1,4.94,87,400,1
2026-06-04 18:43:25,1,4.94,91,400,1
2026-06-04 18:43:26,1,4.94,87,401,1
2026-06-04 18:43:27,1,4.94,84,401,1
2026-06-04 18:43:28,1,4.94,92,401,1
2026-06-04 18:43:29,1,0.57,85,400,1
2026-06-04 18:43:30,1,0.57,90,401,1
2026-06-04 18:43:31,1,0.45,86,400,1
2026-06-04 18:43:32,1,0.48,83,400,1
2026-06-04 18:43:33,1,0.37,86,400,1
2026-06-04 18:43:34,1,0.37,90,400,1
2026-06-04 18:43:35,1,0.41,91,402,1
2026-06-04 18:43:36,1,0.53,86,400,1
2026-06-04 18:43:37,1,0.60,84,400,1
2026-06-04 18:43:38,1,0.61,87,400,1
2026-06-04 18:43:39,1,0.61,83,400,1
2026-06-04 18:43:40,1,0.61,78,400,1
2026-06-04 18:43:41,1,0.63,81,400,1
2026-06-04 18:43:42,1,0.61,81,400,1
2026-06-04 18:43:43,1,0.87,78,400,1
2026-06-04 18:43:44,1,0.83,73,400,1
2026-06-04 18:43:45,1,0.64,77,400,1
2026-06-04 18:43:46,1,0.45,79,400,1
2026-06-04 18:43:47,1,0.70,81,400,1
2026-06-04 18:43:48,1,0.67,77,400,1
2026-06-04 18:43:49,1,1.23,78,400,1
2026-06-04 18:43:50,1,2.98,72,400,1
2026-06-04 18:43:51,1,4.20,82,400,1
2026-06-04 18:43:52,1,4.85,77,400,1
2026-06-04 18:43:53,1,7.76,77,400,1
2026-06-04 18:43:54,1,7.76,73,400,1
2026-06-04 18:43:55,1,7.76,74,400,1
2026-06-04 18:43:56,1,6.14,76,400,1
2026-06-04 18:43:57,1,7.46,72,400,1
2026-06-04 18:43:58,1,5.69,74,400,1
2026-06-04 18:43:59,1,3.65,77,400,1
2026-06-04 18:44:00,1,3.12,79,400,1
2026-06-04 18:44:01,1,1.50,76,400,1
2026-06-04 18:44:02,1,0.73,71,400,1
2026-06-04 18:44:03,1,0.67,71,400,1
2026-06-04 18:44:04,1,0.72,69,400,1
2026-06-04 18:44:05,1,0.60,61,400,1
2026-06-04 18:44:06,1,0.37,66,400,1
2026-06-04 18:44:07,1,0.44,66,400,1
2026-06-04 18:44:08,1,0.44,67,400,1
2026-06-04 18:44:09,1,0.44,69,400,1
2026-06-04 18:44:10,1,0.44,66,400,1
2026-06-04 18:44:11,1,0.55,63,400,1
2026-06-04 18:44:12,1,0.58,68,400,1
2026-06-04 18:44:13,1,0.60,64,400,1
2026-06-04 18:44:14,1,0.59,66,400,1
2026-06-04 18:44:15,1,0.59,71,400,1
2026-06-04 18:44:16,1,0.58,67,400,1
2026-06-04 18:44:17,1,0.42,63,400,1
2026-06-04 18:44:18,1,0.38,62,400,1
2026-06-04 18:44:19,1,0.48,68,400,1
2026-06-04 18:44:20,1,0.48,66,410,1
2026-06-04 18:44:21,1,0.52,82,521,1
2026-06-04 18:44:22,1,0.19,78,501,1
2026-06-04 18:44:23,1,0.39,85,537,1
2026-06-04 18:44:24,1,0.62,99,630,1
2026-06-04 18:44:25,1,0.69,112,721,1
2026-06-04 18:44:26,1,0.69,109,644,1
2026-06-04 18:44:27,1,0.61,107,527,1
2026-06-04 18:44:28,1,0.59,100,455,1
2026-06-04 18:44:29,1,0.52,94,423,1
2026-06-04 18:44:30,1,0.52,92,405,1
2026-06-04 18:44:31,1,0.83,80,400,1
2026-06-04 18:44:32,1,0.86,81,400,1
2026-06-04 18:44:33,1,0.42,80,400,1
2026-06-04 18:44:34,1,0.08,75,400,1
2026-06-04 18:44:35,1,0.25,73,400,1
2026-06-04 18:44:36,1,0.15,70,400,1
2026-06-04 18:44:37,1,0.20,61,400,1
2026-06-04 18:44:38,1,0.21,64,400,1
2026-06-04 18:44:39,1,0.24,68,400,1
2026-06-04 18:44:40,1,0.24,63,400,1
2026-06-04 18:44:41,1,0.24,65,400,1
2026-06-04 18:44:42,1,0.24,59,400,1
2026-06-04 18:44:43,1,0.24,60,400,1
2026-06-04 18:44:44,1,0.30,58,400,1
2026-06-04 18:44:45,1,0.36,58,400,1
2026-06-04 18:44:46,1,0.50,55,400,1
2026-06-04 18:44:47,1,0.63,60,400,1
2026-06-04 18:44:48,1,0.47,56,400,1
2026-06-04 18:44:49,1,0.47,55,400,1
2026-06-04 18:44:50,1,0.47,57,400,1
2026-06-04 18:44:51,1,0.47,58,400,1
2026-06-04 18:44:52,1,1.70,56,400,1
2026-06-04 18:44:53,1,2.40,51,400,1
2026-06-04 18:44:54,1,1.02,59,400,1
2026-06-04 18:44:55,1,0.58,59,400,1
2026-06-04 18:44:56,1,0.37,52,400,1
2026-06-04 18:44:57,1,0.29,52,400,1
2026-06-04 18:44:58,1,0.34,51,400,1
2026-06-04 18:44:59,1,0.31,53,400,1
2026-06-04 18:45:00,1,0.18,58,400,1
2026-06-04 18:45:01,1,0.18,58,400,1
2026-06-04 18:45:02,1,0.18,57,400,1
2026-06-04 18:45:03,1,0.12,60,400,1
2026-06-04 18:45:04,1,0.12,60,400,1
2026-06-04 18:45:05,1,0.12,68,400,1
2026-06-04 18:45:06,1,0.12,65,400,1
2026-06-04 18:45:07,1,0.16,61,400,1
2026-06-04 18:45:08,1,0.16,66,400,1
2026-06-04 18:45:09,1,0.16,65,400,1
2026-06-04 18:45:10,1,0.16,61,400,1
2026-06-04 18:45:11,1,0.16,63,400,1
2026-06-04 18:45:12,1,0.16,67,400,1
2026-06-04 18:45:13,1,0.17,67,400,1
2026-06-04 18:45:14,1,0.17,60,400,1
2026-06-04 18:45:15,1,0.17,67,400,1
2026-06-04 18:45:16,1,0.17,66,400,1
2026-06-04 18:45:17,1,0.17,60,400,1
2026-06-04 18:45:18,1,0.17,67,400,1
2026-06-04 18:45:19,1,0.17,65,400,1
2026-06-04 18:45:20,1,0.17,74,400,1
2026-06-04 18:45:21,1,0.17,65,400,1
2026-06-04 18:45:22,1,0.16,69,400,1
2026-06-04 18:45:23,1,0.16,69,400,1
2026-06-04 18:45:24,1,0.16,64,400,1
2026-06-04 18:45:25,1,0.16,70,400,1
2026-06-04 18:45:26,1,0.16,72,400,1
2026-06-04 18:45:27,1,0.16,73,400,1
2026-06-04 18:45:28,1,0.16,76,400,1
2026-06-04 18:45:29,1,0.16,75,400,1
2026-06-04 18:45:30,1,0.16,74,400,1
2026-06-04 18:45:31,1,0.16,73,400,1
2026-06-04 18:45:32,1,0.16,67,400,1
2026-06-04 18:45:33,1,0.16,77,400,1
2026-06-04 18:45:34,1,0.07,78,400,1
2026-06-04 18:45:35,1,0.07,76,400,1
2026-06-04 18:45:36,1,0.07,74,400,1
2026-06-04 18:45:37,1,0.07,75,400,1
2026-06-04 18:45:38,1,0.07,76,400,1
2026-06-04 18:45:39,1,0.07,78,400,1
2026-06-04 18:45:40,1,0.07,77,400,1
2026-06-04 18:45:42,1,0.13,85,400,1
2026-06-04 18:45:42,1,0.13,83,400,1
2026-06-04 18:45:43,1,0.09,84,400,1
2026-06-04 18:45:44,1,0.09,81,400,1
2026-06-04 18:45:45,1,0.11,82,400,1
2026-06-04 18:45:46,1,0.15,80,400,1
2026-06-04 18:45:47,1,0.13,80,400,1
2026-06-04 18:45:48,1,0.13,85,400,1
2026-06-04 18:45:49,1,0.13,82,400,1
2026-06-04 18:45:50,1,0.13,78,400,1
2026-06-04 18:45:51,1,0.13,83,403,1
2026-06-04 18:45:52,1,0.13,89,400,1
2026-06-04 18:45:53,1,0.13,84,400,1
2026-06-04 18:45:54,1,0.08,85,400,1
2026-06-04 18:45:55,1,0.08,86,400,1
2026-06-04 18:45:56,1,0.08,82,400,1
2026-06-04 18:45:57,1,0.07,85,400,1
2026-06-04 18:45:58,1,0.07,83,400,1
2026-06-04 18:45:59,1,0.05,81,400,1
2026-06-04 18:46:00,1,0.05,83,402,1
2026-06-04 18:46:01,1,0.05,83,402,1
2026-06-04 18:46:02,1,0.05,86,401,1
2026-06-04 18:46:03,1,0.05,86,400,1
2026-06-04 18:46:04,1,0.05,85,411,1
2026-06-04 18:46:05,1,0.05,90,400,1
2026-06-04 18:46:06,1,0.11,90,404,1
2026-06-04 18:46:07,1,0.10,86,400,1
2026-06-04 18:46:08,1,0.10,89,402,1
2026-06-04 18:46:09,1,0.10,85,400,1
2026-06-04 18:46:10,1,0.09,87,404,1
2026-06-04 18:46:11,1,0.09,86,400,1
2026-06-04 18:46:12,1,0.09,84,405,1
2026-06-04 18:46:13,1,0.09,90,400,1
2026-06-04 18:46:14,1,0.10,89,400,1
2026-06-04 18:46:15,1,0.09,92,400,1
2026-06-04 18:46:16,1,0.14,83,400,1
2026-06-04 18:46:17,1,0.14,86,400,1
2026-06-04 18:46:18,1,0.14,80,400,1
2026-06-04 18:46:19,1,0.14,84,400,1
2026-06-04 18:46:20,1,0.14,80,400,1
2026-06-04 18:46:21,1,0.14,75,400,1
2026-06-04 18:46:22,1,0.14,89,407,1
2026-06-04 18:46:23,1,0.11,93,405,1
2026-06-04 18:46:24,1,0.16,88,400,1
2026-06-04 18:46:25,1,0.16,77,400,1
2026-06-04 18:46:26,1,0.16,78,400,1
2026-06-04 18:46:27,1,0.38,82,400,1
2026-06-04 18:46:28,1,0.38,78,400,1
2026-06-04 18:46:29,1,0.38,81,400,1
2026-06-04 18:46:30,1,0.34,78,401,1
2026-06-04 18:46:31,1,0.34,83,400,1
2026-06-04 18:46:32,1,0.34,82,400,1
2026-06-04 18:46:33,1,0.15,80,400,1
2026-06-04 18:46:34,1,0.12,78,400,1
2026-06-04 18:46:35,1,0.12,81,400,1
2026-06-04 18:46:36,1,0.12,82,400,1
2026-06-04 18:46:37,1,0.09,80,400,1
2026-06-04 18:46:38,1,0.09,87,402,1
2026-06-04 18:46:39,1,0.09,83,400,1
2026-06-04 18:46:40,1,0.09,81,400,1
2026-06-04 18:46:41,1,0.09,76,400,1
2026-06-04 18:46:42,1,0.09,79,400,1
2026-06-04 18:46:43,1,5.77,78,400,1
2026-06-04 18:46:44,1,2.52,77,400,1
2026-06-04 18:46:45,1,1.46,78,400,1
2026-06-04 18:46:46,1,0.70,78,401,1
2026-06-04 18:46:47,1,0.70,79,414,1
2026-06-04 18:46:48,1,0.70,87,416,1
2026-06-04 18:46:49,1,0.70,75,400,1
2026-06-04 18:46:50,1,0.70,75,400,1
2026-06-04 18:46:51,1,0.70,70,400,1
2026-06-04 18:46:52,1,0.09,76,400,1
2026-06-04 18:46:53,1,0.08,83,471,1
2026-06-04 18:46:54,1,0.08,83,471,1
2026-06-04 18:46:55,1,0.15,73,433,1
2026-06-04 18:46:56,1,0.15,81,414,1
2026-06-04 18:46:57,1,0.15,79,407,1
2026-06-04 18:46:58,1,0.13,77,400,1
2026-06-04 18:46:59,1,0.13,84,412,1
2026-06-04 18:47:00,1,0.13,82,408,1
2026-06-04 18:47:01,1,0.06,77,400,1
2026-06-04 18:47:02,1,0.06,74,400,1
2026-06-04 18:47:03,1,0.06,75,400,1
2026-06-04 18:47:04,1,0.06,70,400,1
2026-06-04 18:47:05,1,0.06,77,400,1
2026-06-04 18:47:06,1,0.06,75,400,1
2026-06-04 18:47:07,1,0.06,74,400,1
2026-06-04 18:47:08,1,0.06,74,400,1
2026-06-04 18:47:09,1,0.06,75,419,1
2026-06-04 18:47:10,1,0.11,77,447,1
2026-06-04 18:47:11,1,0.11,81,438,1
2026-06-04 18:47:12,1,0.11,78,414,1
2026-06-04 18:47:13,1,0.11,75,401,1
2026-06-04 18:47:14,1,0.11,81,406,1
2026-06-04 18:47:15,1,0.11,78,400,1
2026-06-04 18:47:16,1,0.12,78,400,1
2026-06-04 18:47:17,1,0.12,80,400,1
2026-06-04 18:47:18,1,0.12,80,400,1
2026-06-04 18:47:19,1,0.12,77,400,1
2026-06-04 18:47:20,1,0.12,78,400,1
2026-06-04 18:47:21,1,0.10,76,400,1
2026-06-04 18:47:22,1,0.12,80,400,1
2026-06-04 18:47:23,1,0.12,75,416,1
2026-06-04 18:47:24,1,0.13,77,408,1
2026-06-04 18:47:25,1,0.15,77,402,1
2026-06-04 18:47:26,1,0.14,74,400,1
2026-06-04 18:47:27,1,0.13,73,400,1
2026-06-04 18:47:28,1,0.13,82,403,1
2026-06-04 18:47:29,1,0.14,81,403,1
2026-06-04 18:47:30,1,0.14,80,405,1
2026-06-04 18:47:31,1,0.14,80,404,1
2026-06-04 18:47:32,1,0.14,76,400,1
2026-06-04 18:47:33,1,0.20,82,400,1
2026-06-04 18:47:34,1,0.17,77,400,1
2026-06-04 18:47:35,1,0.17,80,404,1
2026-06-04 18:47:36,1,0.17,76,407,1
2026-06-04 18:47:37,1,0.17,81,404,1
2026-06-04 18:47:38,1,0.17,81,407,1
2026-06-04 18:47:39,1,0.17,81,400,1
2026-06-04 18:47:40,1,0.17,87,410,1
2026-06-04 18:47:41,1,0.17,82,408,1
2026-06-04 18:47:42,1,0.17,77,400,1
2026-06-04 18:47:43,1,0.17,85,400,1
2026-06-04 18:47:44,1,0.16,83,400,1
2026-06-04 18:47:45,1,0.16,82,400,1
2026-06-04 18:47:46,1,0.16,79,400,1
2026-06-04 18:47:47,1,0.16,82,400,1
2026-06-04 18:47:48,1,0.16,79,400,1
2026-06-04 18:47:49,1,0.16,83,400,1
2026-06-04 18:47:50,1,0.16,85,406,1
2026-06-04 18:47:51,1,0.12,85,407,1
2026-06-04 18:47:52,1,0.12,84,405,1
2026-06-04 18:47:53,1,0.08,81,400,1
2026-06-04 18:47:54,1,0.09,83,400,1
2026-06-04 18:47:55,1,0.09,85,402,1
2026-06-04 18:47:56,1,0.09,80,400,1
2026-06-04 18:47:57,1,0.09,84,400,1
2026-06-04 18:47:58,1,0.09,87,400,1
2026-06-04 18:47:59,1,0.09,84,400,1
2026-06-04 18:48:00,1,0.09,84,400,1
2026-06-04 18:48:01,1,0.09,85,400,1
2026-06-04 18:48:02,1,0.19,80,400,1
2026-06-04 18:48:03,1,0.19,81,400,1
2026-06-04 18:48:04,1,0.19,82,400,1
2026-06-04 18:48:05,1,0.19,84,400,1
2026-06-04 18:48:06,1,0.19,86,401,1
2026-06-04 18:48:07,1,0.19,83,400,1
2026-06-04 18:48:08,1,0.12,86,400,1
2026-06-04 18:48:09,1,0.11,81,400,1
2026-06-04 18:48:10,1,0.09,81,400,1
2026-06-04 18:48:11,1,0.07,85,400,1
2026-06-04 18:48:12,1,0.07,84,402,1
2026-06-04 18:48:13,1,0.07,86,400,1
2026-06-04 18:48:14,1,0.07,91,402,1
2026-06-04 18:48:15,1,0.07,88,403,1
2026-06-04 18:48:16,1,0.07,84,400,1
2026-06-04 18:48:17,1,0.07,82,401,1
2026-06-04 18:48:18,1,0.07,86,400,1
2026-06-04 18:48:19,1,0.07,85,400,1
2026-06-04 18:48:20,1,0.07,81,400,1
2026-06-04 18:48:21,1,0.09,82,400,1
2026-06-04 18:48:22,1,0.11,82,400,1
2026-06-04 18:48:23,1,0.11,83,400,1
2026-06-04 18:48:24,1,0.18,88,403,1
2026-06-04 18:48:25,1,0.18,87,400,1
2026-06-04 18:48:26,1,0.24,84,400,1
2026-06-04 18:48:27,1,0.24,82,400,1
2026-06-04 18:48:28,1,0.24,84,400,1
2026-06-04 18:48:29,1,0.24,84,400,1
2026-06-04 18:48:30,1,0.29,86,400,1
2026-06-04 18:48:31,1,0.29,94,548,1
2026-06-04 18:48:32,1,0.25,100,608,1
2026-06-04 18:48:33,1,0.07,115,649,1
2026-06-04 18:48:34,1,0.06,104,657,1
2026-06-04 18:48:35,1,0.06,117,636,1
2026-06-04 18:48:36,1,0.06,113,591,1
2026-06-04 18:48:37,1,0.06,122,612,1
2026-06-04 18:48:38,1,0.06,120,611,1
2026-06-04 18:48:39,1,0.06,114,506,1
2026-06-04 18:48:40,1,0.06,109,454,1
2026-06-04 18:48:41,1,0.06,103,432,1
2026-06-04 18:48:42,1,0.06,97,412,1
